,companyFullName,companyShortName,companySize,financeStage,district,positionName,workYear,education,salary,positionAdvantage,industryField,firstType,companyLabelList,secondType,city
0,前锦网络信息技术（上海）有限公司,51JOB,2000人以上,上市公司,浦东新区,ios开发工程师,1-3年,本科,10k-18k,"五险一金,技术大牛,团队氛围好","移动互联网,企业服务",开发|测试|运维类,,移动前端开发,上海
1,重庆妙享网络技术股份有限公司,妙享技术,50-150人,未融资,渝中区,ios开发工程师,3-5年,大专,7k-13k,团队和谐,"移动互联网,社交",开发|测试|运维类,"带薪年假,弹性工作,节日礼物,领导好",移动前端开发,重庆
2,杭州涂鸦信息技术有限公司,涂鸦智能,2000人以上,C轮,西湖区,iOS工程师,1-3年,不限,10k-20k,"独角兽,不打卡","物联网,智能硬件",开发|测试|运维类,"5星办公环境,年底奖金,团队牛B,五险一金",移动前端开发,杭州
3,上海异工同智信息科技有限公司,异工同智,50-150人,A轮,浦东新区,ios开发工程师,1-3年,本科,10k-15k,定期体检、五险二金,IT技术服务｜咨询,开发|测试|运维类,"扁平管理,五险一金,弹性工作,定期体检",移动前端开发,上海
4,成都盯潮科技有限公司,成都盯潮科技有限公司,15-50人,A轮,武侯区,高级ios开发工程师,3-5年,大专,14k-20k,自研产品 潮流领域 团队氛围好 偶尔加班,"移动互联网,数据服务",开发|测试|运维类,"扁平管理,领导好,岗位晋升,股票期权",移动前端开发,成都
5,安徽米娱科技有限公司,米娱科技,50-150人,未融资,高新区,ios开发工程师,3-5年,本科,12k-22k,五险一金自研自运福利齐全,"内容社区,MCN｜直播平台",开发|测试|运维类,,移动前端开发,合肥
6,深圳鲲鹏天下科技有限公司,鲲天下,15-50人,不需要融资,南山区,ios开发工程师,5-10年,本科,15k-23k,环境优 福利好 发展前景好 资金充足,社交平台,开发|测试|运维类,"年底双薪,带薪年假,交通补助,午餐补助",移动前端开发,深圳
7,瑞庭网络技术（上海）有限公司,安居客,500-2000人,上市公司,,ios高级开发工程师,不限,本科,20k-40k,移动中台，有广阔的职业发展前景,居住服务,开发|测试|运维类,"年底双薪,绩效奖金,带薪年假,五险一金",移动前端开发,北京
8,深圳虾皮信息科技有限公司,Shopee,500-2000人,上市公司,南山区,iOS开发工程师,3-5年,本科,20k-40k,外企氛围，蓝海市场，大牛多多，15天年假,电商平台,开发|测试|运维类,"外企氛围,蓝海市场,大牛多多,15天年假",移动前端开发,深圳
9,深圳无觅科技有限公司,无秘,150-500人,B轮,南山区,高级ios开发工程师,5-10年,本科,40k-70k,"快速成长,待遇丰厚,团队优秀",社交平台,开发|测试|运维类,"高速增长,股票期权,小而精,扁平管理",移动前端开发,深圳
10,北京嘀嘀无限科技发展有限公司,滴滴,2000人以上,不需要融资,,ios高级开发工程师,3-5年,本科,25k-50k,大平台,旅游｜出行,开发|测试|运维类,"弹性工作,节日礼物,岗位晋升,技能培训",移动前端开发,北京
11,杭州涂鸦信息技术有限公司,涂鸦智能,2000人以上,C轮,西湖区,移动端(Android&amp;iOS)开发工程师-KA业务方向,3-5年,本科,15k-30k,智能家居,"物联网,智能硬件",开发|测试|运维类,"5星办公环境,年底奖金,团队牛B,五险一金",移动前端开发,杭州
12,北京汉迪移动互联网科技股份有限公司,iHandy,150-500人,不需要融资,海淀区,iOS开发工程师,1-3年,本科,15k-25k,硅谷氛围，高手云集，零食水果，六险一金,游戏,开发|测试|运维类,"带薪年假,定期体检,文化open,扁平化管理",移动前端开发,北京
13,深圳极联信息技术开发有限公司,极联开发,50-150人,未融资,,ios开发工程师,1-3年,本科,10k-15k,发展好 长期稳定,软件开发,开发|测试|运维类,,移动前端开发,深圳
14,武汉明昊杰通信有限公司,明昊杰通信,少于15人,不需要融资,,高级ios开发工程师,3-5年,本科,25k-35k,发展空间大,人工智能 物流丨运输,开发|测试|运维类,,移动前端开发,上海
15,上海新梨视网络科技有限公司,梨视频,500-2000人,A轮,静安区,ios中高级开发工程师,5-10年,本科,25k-35k,五险一金 带薪年假 团队nice等,"移动互联网,文娱丨内容",开发|测试|运维类,,移动前端开发,上海
16,上海我有券电子商务有限公司,我有券,15-50人,A轮,浦东新区,ios开发工程师,3-5年,大专,17k-20k,挑战与机遇 扁平化管理 老板NICE 氛围棒,"移动互联网,电商",开发|测试|运维类,"带薪年假,扁平管理,年终分红,交通便利",移动前端开发,上海
17,浙江齐聚科技有限公司北京分公司,齐聚科技（原呱呱视频）,150-500人,C轮,东城区,ios开发工程师,3-5年,本科,15k-25k,公司氛围福利好,"MCN｜直播平台,新媒体",开发|测试|运维类,"绩效奖金,五险一金,节日礼物,定期体检",移动前端开发,北京
18,杭州大名软件有限公司,大名软件,50-150人,不需要融资,西湖区,IOS开发工程师,1-3年,本科,10k-18k,发展前景，技术氛围，大牛团队,软件服务｜咨询,开发|测试|运维类,"技能培训,节日礼物,带薪年假,绩效奖金",移动前端开发,杭州
19,上海时溪信息技术有限公司,时溪信息,50-150人,未融资,浦东新区,ios开发工程师,3-5年,本科,16k-23k,大平台 领导nice,IT技术服务｜咨询,开发|测试|运维类,,移动前端开发,上海
20,四川易贷网金融信息服务有限公司,易贷网,500-2000人,未融资,锦江区,IOS开发工程师,3-5年,本科,8k-14k,"五险一金,全勤奖,带薪年假,周末双休",科技金融,开发|测试|运维类,"年底双薪,绩效奖金,带薪年假,定期体检",移动前端开发,成都
21,深圳北纬三十度信息科技有限公司,北纬三十度,150-500人,未融资,南山区,ios开发,不限,大专,20k-40k,待遇高,电商平台,开发|测试|运维类,,移动前端开发,深圳
22,千言信息技术（上海）有限公司,italki,50-150人,A轮,黄浦区,高级ios开发工程师,5-10年,本科,20k-25k,国际化产品,在线教育,开发|测试|运维类,"高端医疗保险,国际化团队,绩效奖金,带薪年假",移动前端开发,上海
23,无限向量（北京）科技有限公司,无限向量（北京）科技有限公司,50-150人,不需要融资,,高级ios开发工程师,不限,本科,20k-35k,待遇好 氛围好,营销服务｜咨询,开发|测试|运维类,,移动前端开发,北京
24,上海嵩恒网络科技股份有限公司,东方资讯,150-500人,不需要融资,,ios开发工程师,3-5年,本科,11k-20k,前景发展广,"内容资讯,MCN｜直播平台,工具类产品",开发|测试|运维类,"带薪年假,定期体检,员工早餐,节日礼物",移动前端开发,上海
25,泰康保险集团股份有限公司,泰康保险集团,2000人以上,不需要融资,昌平区,iOS开发工程师,3-5年,本科,20k-35k,年终奖丰厚 ，场景多，大项目多，个人成长快,金融业,开发|测试|运维类,"交通补助,午餐补助,带薪年假,定期体检",移动前端开发,北京
26,软视视频软件（杭州）有限公司,ZOOM,500-2000人,上市公司,西湖区,iOS开发工程师,3-5年,硕士,18k-35k,"六险一金,出国培训,年终奖金,股票期权","软件服务｜咨询,IT技术服务｜咨询",开发|测试|运维类,"专项奖金,股票期权,带薪年假,绩效奖金",移动前端开发,杭州
27,上海机场国际旅行社有限公司,机场国旅,500-2000人,未融资,长宁区,ios开发工程师,1-3年,本科,12k-24k,额外年休假 晋升空间大 扁平化管理 领导好,旅游｜出行,开发|测试|运维类,"股票期权,绩效奖金,带薪年假,定期体检",移动前端开发,上海
28,北京明翰建筑设计有限公司,明翰,150-500人,不需要融资,朝阳区,ios开发工程师,3-5年,本科,18k-30k,团队氛围好,电商平台,开发|测试|运维类,,移动前端开发,北京
29,上海艾融软件股份有限公司,艾融股份,500-2000人,上市公司,普陀区,ios开发工程师,3-5年,本科,15k-20k,带薪年假,软件服务｜咨询,开发|测试|运维类,"互联网金融,股票期权,顶级银行工程,技术大牛",移动前端开发,上海
30,广州市蜂擎信息科技有限公司,蜂擎科技,50-150人,未融资,白云区,ios开发工程师,1-3年,大专,9k-12k,发展前景广，福利待遇无上限,"电商平台,营销服务｜咨询",开发|测试|运维类,"带薪年假,住房补贴,绩效奖金,节日礼物",移动前端开发,广州
31,杭州银勤科技有限公司,银勤科技,50-150人,A轮,滨江区,ios高级开发工程师,3-5年,本科,10k-20k,国际化，快速晋升，互联网氛围，企业文化好,"电商平台,物联网",开发|测试|运维类,"五险一金,带薪年假,定期体检",移动前端开发,杭州
32,地坪线（北京）科技有限公司,地坪线,150-500人,未融资,海淀区,ios开发工程师,3-5年,本科,18k-25k,办公环境好，领导nice,电商平台,开发|测试|运维类,,移动前端开发,北京
33,北京三快在线科技有限公司,美团,2000人以上,上市公司,朝阳区,iOS开发工程师,3-5年,本科,25k-50k,成熟平台，创新业务,消费生活,开发|测试|运维类,"技能培训,绩效奖金,岗位晋升,领导好",移动前端开发,北京
34,重庆市九吨科技有限公司,九吨科技,150-500人,不需要融资,渝北区,ios工程师,3-5年,本科,7k-14k,"员工旅游,五险一金,年终奖，项目分红",营销服务｜咨询,开发|测试|运维类,"绩效奖金,定期体检,午餐补助,带薪年假",移动前端开发,重庆
35,北京天天乐学教育科技有限公司,天天乐学,150-500人,A轮,海淀区,iOS工程师,1-3年,本科,15k-25k,创新市场；快速增长；14薪,在线教育,开发|测试|运维类,"年轻团队,股票期权,带薪年假,绩效奖金",移动前端开发,北京
36,无线生活（北京）信息技术有限公司,微店,500-2000人,C轮,朝阳区,ios开发工程师,3-5年,本科,20k-35k,六险一金、全员mac、重点业务、老板能力强,"营销服务｜咨询,软件服务｜咨询",开发|测试|运维类,"扁平化管理,技术驱动,14薪,六险一金",移动前端开发,北京
37,四川伊澳农业科技有限公司,伊澳科技,2000人以上,上市公司,朝阳区,IOS,5-10年,本科,30k-50k,美女多，上市公司，注重互联网，福利优厚,批发｜零售,开发|测试|运维类,"专项奖金,股票期权,绩效奖金,年终分红",移动前端开发,北京
38,柏美迪康环境科技（上海）股份有限公司,柏美迪康上海,150-500人,上市公司,普陀区,高级ios开发工程师,不限,本科,25k-35k,餐饮补贴，五险一金，带薪年假,能源｜矿产｜环保,开发|测试|运维类,"专精特新企业,大数据云计算,五险一金,年终奖金",移动前端开发,上海
39,广州太平洋电脑信息咨询有限公司,太平洋网络有限公司,500-2000人,上市公司,天河区,IOS开发工程师,1-3年,本科,8k-12k,发展前景好,"内容资讯,电商平台,消费生活",开发|测试|运维类,"年底双薪,绩效奖金,五险一金,带薪年假",移动前端开发,广州
40,北京软告科技股份有限公司,软告效果广告平台,50-150人,B轮,海淀区,ios高级开发工程师,3-5年,本科,15k-25k,五险一金 周末双休 弹性工作 带薪年假,"数据服务,广告营销",开发|测试|运维类,"高速发展阶段,简单做事文化,开放高效文化,带薪年假",移动前端开发,北京
41,广州维梦科技有限公司,维梦科技,50-150人,不需要融资,天河区,高级ios开发工程师,3-5年,本科,18k-25k,大厂福利；专业和技术线发展通道,工具类产品,开发|测试|运维类,"年终分红,定期体检,股票期权,带薪年假",移动前端开发,广州
42,深圳动米智能科技有限公司,动米智能,15-50人,天使轮,南山区,ios开发工程师,3-5年,本科,15k-30k,技术团队leader均为硅谷海归大牛，氛围好,"人工智能服务,物联网",开发|测试|运维类,"年底双薪,股票期权,扁平管理,弹性工作",移动前端开发,深圳
43,北京创软科技有限公司,创软科技,50-150人,不需要融资,海淀区,ios开发工程师,1-3年,大专,12k-17k,带薪年假 五险一金 加班补助 周末双休,IT技术服务｜咨询,开发|测试|运维类,,移动前端开发,北京
44,广州穗森互联网有限公司,广州穗森互联网有限公司,少于15人,未融资,天河区,ios开发工程师,1年以下,本科,5k-10k,技术大牛培养，团队有活力，公司福利,"企业服务,软件开发",开发|测试|运维类,专项奖金,移动前端开发,广州
45,思特沃克软件技术（成都）有限公司,ThoughtWorks,2000人以上,不需要融资,高新区,ios开发工程师,3-5年,不限,12k-20k,全额社保公积金 可年前面试年后入职,"软件服务｜咨询,IT技术服务｜咨询",开发|测试|运维类,"技能培训,节日礼物,带薪年假,全球化视野",移动前端开发,成都
46,房车宝集团有限公司,房车宝,2000人以上,未融资,南山区,ios开发工程师,3-5年,本科,18k-25k,大平台，双休，提供三餐，健身房，全额五险一金,"电商平台,人工智能服务,贸易｜进出口",开发|测试|运维类,,移动前端开发,深圳
47,上海艺联电子商务有限公司,艺联电子商务,150-500人,不需要融资,黄浦区,ios开发工程师,3-5年,大专,15k-25k,弹性工作,"电商,软件开发",开发|测试|运维类,,移动前端开发,上海
48,心灵失重（北京）科技有限公司,糗事百科,150-500人,A轮,南山区,iOS,1-3年,本科,12k-24k,"开心工作,工作开心",内容社区,开发|测试|运维类,"媲美名企高薪,无限量零食,五险一金,年度旅游",移动前端开发,深圳
49,上海亦存网络科技有限公司,坚果云,50-150人,A轮,浦东新区,IOS开发工程师,1-3年,本科,18k-30k,前沿技术驱动；年终奖丰厚；技术大牛,人工智能服务,开发|测试|运维类,"技能培训,带薪年假,五险一金,住房补贴",移动前端开发,上海
50,数睿科技（深圳）有限公司,数睿科技,150-500人,上市公司,福田区,ios开发工程师,1-3年,本科,14k-20k,上市公司、高奖金、自有办公楼、不提倡加班,生活服务,开发|测试|运维类,"年底双薪,绩效奖金,股票期权,五险一金",移动前端开发,深圳
51,上海大钱信息技术有限公司,大钱信息,15-50人,A轮,徐汇区,ios开发工程师,3-5年,大专,13k-18k,"发展潜力大,公司氛围好,福利待遇好",科技金融,开发|测试|运维类,"扁平管理,移动互联网,头脑风暴,股票期权",移动前端开发,上海
52,家有学霸（杭州）科技有限公司,家有学霸,500-2000人,C轮,余杭区,ios高级开发工程师,3-5年,本科,15k-30k,员工旅游 透明晋升 期权奖励 每月团建,教育,开发|测试|运维类,"股票期权,带薪年假,午餐补助,每月一次团建",移动前端开发,杭州
53,北京小米科技有限责任公司,小米集团,2000人以上,上市公司,东湖新技术开发区,iOS开发工程师,3-5年,本科,16k-30k,大平台 行业领先,"智能硬件,电商平台",开发|测试|运维类,"快速成长,免费班车,扁平管理,技能培训",移动前端开发,武汉
54,深圳市移卡科技有限公司,移卡,500-2000人,上市公司,南山区,ios工程师,3-5年,本科,15k-30k,发展好,科技金融,开发|测试|运维类,"年底双薪,年终奖,股票期权,五险一金",移动前端开发,深圳
55,北京群鲜荟萃科技有限公司,北京群鲜荟萃科技有限公司,2000人以上,C轮,朝阳区,ios开发工程师,3-5年,本科,30k-60k,大平台，福利好,不限,开发|测试|运维类,"弹性工作,领导好,帅哥多,扁平管理",移动前端开发,北京
56,深圳市爱聊科技有限公司,爱聊科技,50-150人,天使轮,南山区,ios开发工程师,3-5年,本科,15k-22k,福利好，发展空间大，技术氛围好,"软件服务｜咨询,IT技术服务｜咨询",开发|测试|运维类,"技能培训,节日礼物,年底分红,绩效奖金",移动前端开发,深圳
57,武汉轻度科技有限公司,轻度科技,50-150人,不需要融资,洪山区,iOS开发工程师,1-3年,本科,10k-20k,海外平台、五险一金、年度旅游、双休,"人工智能服务,工具类产品",开发|测试|运维类,,移动前端开发,武汉
58,北京小唱科技有限公司,唱吧-玩音乐，就上唱吧！,150-500人,D轮及以上,朝阳区,高级iOS开发工程师,3-5年,本科,25k-35k,高潜力 扁平化管理 技术氛围好,内容社区,开发|测试|运维类,"节日礼物,股票期权,带薪年假,员工海外游",移动前端开发,北京
59,广州致景信息科技有限公司,百布,500-2000人,D轮及以上,海珠区,ios开发工程师,5-10年,本科,15k-25k,技术open，领导nice，氛围轻松,电商平台,开发|测试|运维类,"行业翘首,扁平管理,领导NICE,美女多",移动前端开发,广州
60,深圳乐播科技有限公司,乐播科技,150-500人,B轮,南山区,ios开发工程师,3-5年,本科,15k-25k,互联网 环境优 福利好 大牛多,工具类产品,开发|测试|运维类,"年底双薪,绩效奖金,岗位晋升,年度旅游",移动前端开发,深圳
61,广州安豆科技有限公司,安豆科技,50-150人,A轮,天河区,ios开发工程师,3-5年,大专,12k-18k,福利待遇好，发展空间大,游戏,开发|测试|运维类,,移动前端开发,广州
62,瑞庭网络技术（上海）有限公司,安居客,500-2000人,上市公司,朝阳区,ios工程师,5-10年,本科,25k-40k,平台稳定+成长晋升+技术驱动+股票激励,居住服务,开发|测试|运维类,"年底双薪,绩效奖金,带薪年假,五险一金",移动前端开发,北京
63,广州穗森互联网有限公司,广州穗森互联网有限公司,少于15人,未融资,天河区,ios开发工程师,1年以下,本科,6k-9k,技术大牛培养，团队有活力，公司福利,"企业服务,软件开发",开发|测试|运维类,专项奖金,移动前端开发,广州
64,武汉滴滴网络科技有限公司,恋爱记,15-50人,A轮,洪山区,IOS开发工程师,1-3年,本科,10k-15k,生日福利、全勤奖、年终奖、餐补,工具类产品,开发|测试|运维类,"股票期权,岗位晋升,扁平管理,五险一金",移动前端开发,武汉
65,上海趣车智能科技有限公司,悟景信息,150-500人,不需要融资,浦东新区,IOS开发工程师,3-5年,大专,13k-18k,还行,软件开发,开发|测试|运维类,,移动前端开发,上海
66,深圳市优课再学教育科技有限公司,优课再学教育,15-50人,不需要融资,福田区,ios开发工程师,3-5年,本科,18k-25k,深圳大学校属企业，发展空间大，业务稳定。,教育,开发|测试|运维类,"绩效奖金,带薪年假,年度旅游,领导好",移动前端开发,深圳
67,常相伴（武汉）科技有限公司,伴伴,500-2000人,不需要融资,洪山区,高级ios开发工程师,3-5年,本科,20k-40k,薪资丰厚；弹性工作；五险一金；零食下午茶,社交平台,开发|测试|运维类,"午餐补助,弹性工作,扁平管理,带薪年假",移动前端开发,武汉
68,北京爱和健康科技有限公司,iHealth,150-500人,不需要融资,海淀区,IOS开发工程师,3-5年,本科,18k-30k,出差海外 弹性工作 节日福利 下午茶,制造业,开发|测试|运维类,"年底双薪,股票期权,带薪年假,年度旅游",移动前端开发,北京
69,上海亦存网络科技有限公司,坚果云,50-150人,A轮,浦东新区,ios高级开发工程师,3-5年,本科,18k-30k,前沿技术驱动；年终奖丰厚；技术大牛,人工智能服务,开发|测试|运维类,"技能培训,带薪年假,五险一金,住房补贴",移动前端开发,上海
70,北京奇艺世纪科技有限公司,爱奇艺,2000人以上,上市公司,朝阳区,iOS高级开发工程师,5-10年,本科,20k-40k,大平台 学习机会多,音频｜视频媒体,开发|测试|运维类,"绩效奖金,五险一金,交通补助,带薪年假",移动前端开发,北京
71,杭州溜达网络科技有限公司,光年实验室,50-150人,天使轮,西湖区,ios高级开发工程师,3-5年,本科,15k-25k,不打卡 老板nice 工作氛围轻松,软件服务｜咨询,开发|测试|运维类,"带薪年假,午餐补助,股票期权,弹性工作",移动前端开发,杭州
72,泰康保险集团股份有限公司,泰康保险集团,2000人以上,不需要融资,昌平区,ios开发工程师,3-5年,本科,25k-50k,高额年终奖 七险二金 加班补助 带薪年假双休,金融业,开发|测试|运维类,"交通补助,午餐补助,带薪年假,定期体检",移动前端开发,北京
73,豆根网络科技（上海）有限公司,豆根网络,15-50人,未融资,嘉定区,ios高级开发工程师,1-3年,本科,15k-20k,公司氛围轻松、发展前景好,"软件服务｜咨询,IT技术服务｜咨询",开发|测试|运维类,,移动前端开发,上海
74,探探科技（北京）有限公司,探探,150-500人,D轮及以上,朝阳区,ios开发工程师,不限,本科,25k-40k,商保、免费三餐、年度高端体检、日常团建等,社交平台,开发|测试|运维类,"股票期权,带薪年假,岗位晋升,扁平管理",移动前端开发,北京
75,广州市九浚信息技术有限公司,九浚,15-50人,未融资,天河区,ios高级开发工程师,5-10年,大专,15k-22k,大牛指导、丰厚奖金，年度旅游，周末双休,MCN｜直播平台,开发|测试|运维类,"节日礼物,专项奖金,绩效奖金,年度旅游",移动前端开发,广州
76,成都品果科技有限公司,Camera360,150-500人,B轮,高新区,高级iOS开发工程师,3-5年,本科,13k-20k,周末双休，福利年假，健身房，咖啡厅,工具类产品,开发|测试|运维类,"绩效奖金,股票期权,专项奖金,年终奖",移动前端开发,成都
77,深圳环驿信息科技有限公司,环驿信息,50-150人,A轮,南山区,ios开发工程师,3-5年,大专,13k-25k,~,区块链,开发|测试|运维类,,移动前端开发,深圳
78,北京转转精神科技有限责任公司,转转,2000人以上,B轮,海淀区,ios高级开发工程师,1-3年,本科,20k-40k,弹性工作，大牛公事，快速成长,电商平台,开发|测试|运维类,"带薪年假,定期体检,交通补助,年底双薪",移动前端开发,北京
79,深圳市有鱼智能科技有限公司,有鱼智能科技,150-500人,上市公司,福田区,iOS开发工程师,3-5年,本科,15k-30k,"上市公司,福利好,大牛多,发展空间大",科技金融,开发|测试|运维类,"节日礼物,股票期权,带薪年假,绩效奖金",移动前端开发,深圳
80,上海席昌实业有限公司,上海席昌,150-500人,未融资,黄浦区,ios高级开发工程师,3-5年,本科,25k-40k,职业发展，国际调动，有竞争力的薪水,制造业,开发|测试|运维类,,移动前端开发,上海
81,北京集顺工程咨询有限公司,龙湖集团,2000人以上,上市公司,闵行区,ios开发工程师,5-10年,本科,20k-40k,业务和发展前景广阔，薪资待遇好,房地产｜建筑｜物业,开发|测试|运维类,,移动前端开发,上海
82,杭州觅睿科技股份有限公司,觅睿科技,150-500人,不需要融资,滨江区,iOS开发工程师,1-3年,本科,10k-20k,"福利好,高成长,大牛指点,氛围好",智能硬件,开发|测试|运维类,"绩效奖金,带薪年假,午餐补助,通讯津贴",移动前端开发,杭州
83,重庆妙享网络技术股份有限公司,妙享技术,50-150人,未融资,渝中区,ios开发工程师,3-5年,大专,7k-13k,团队和谐,IT技术服务｜咨询,开发|测试|运维类,"带薪年假,弹性工作,节日礼物,领导好",移动前端开发,重庆
84,深圳市有传科技有限公司,深圳市有传科技有限公司,150-500人,天使轮,海淀区,ios高级开发工程师,3-5年,本科,18k-25k,高成长、团队氛围佳,营销服务｜咨询,开发|测试|运维类,,移动前端开发,北京
85,珠海市筑巢科技有限公司,筑巢科技,50-150人,不需要融资,南山区,ios开发工程师,1-3年,大专,10k-20k,福利齐全 双休,工具类产品,开发|测试|运维类,"弹性工作,绩效奖金,专项奖金,年底双薪",移动前端开发,深圳
86,上海纸上绝知智能科技有限公司,Gostudy,15-50人,A轮,浦东新区,ios开发工程师,3-5年,本科,20k-35k,期权，餐饮补贴，五险一金，年假，生日礼品,人工智能服务,开发|测试|运维类,"绩效奖金,股票期权,带薪年假,午餐补助",移动前端开发,上海
87,安徽米娱科技有限公司,米娱科技,50-150人,未融资,松江区,ios开发工程师,3-5年,本科,15k-25k,福利待遇,"内容社区,MCN｜直播平台",开发|测试|运维类,,移动前端开发,上海
88,集裕科技（上海）有限公司,集裕科技,少于15人,未融资,黄浦区,ios开发工程师,3-5年,本科,15k-25k,绩效奖金 年终分红 股票期权 带薪年假,区块链,开发|测试|运维类,,移动前端开发,上海
89,上海嘉车信息科技有限公司,极豆车联网,150-500人,B轮,浦东新区,高级ios开发工程师,5-10年,本科,20k-30k,老板nice 办公环境好 薪资待遇好,"移动互联网,硬件",开发|测试|运维类,"技能培训,技术高手如云,绩效奖金,年度旅游",移动前端开发,上海
90,网易（杭州）网络有限公司,网易,2000人以上,上市公司,天河区,ios开发工程师,1-3年,本科,15k-25k,16薪，平台大，大牛多,"内容资讯,游戏,音频｜视频媒体",开发|测试|运维类,"节日礼物,技能培训,免费班车,带薪年假",移动前端开发,广州
91,51JOB-深圳链升科技有限公司,51JOB-深圳链升科技有限公司,50-150人,不需要融资,南山区,iOS开发工程师,3-5年,本科,15k-25k,"五险一金,一档社保,交通补贴",软件开发,开发|测试|运维类,,移动前端开发,深圳
92,千音网络科技（广州）有限公司,千音科技,150-500人,不需要融资,天河区,ios开发工程师,3-5年,本科,17k-25k,五险一金 周末双休 13薪,人工智能服务,开发|测试|运维类,"带薪年假,定期体检,氛围愉快,弹性工作",移动前端开发,广州
93,专信（深圳）通信有限公司,专信通信,50-150人,不需要融资,南山区,ios开发工程师,3-5年,本科,20k-30k,年底依据个人能力13薪到18薪,"社交平台,IT技术服务｜咨询,网络通信",开发|测试|运维类,"年底双薪,股票期权,专项奖金,年终分红",移动前端开发,深圳
94,成都网感科技有限公司,成都网感科技,15-50人,不需要融资,郫县,ios高级开发工程师,3-5年,本科,10k-15k,BOSS NICE 双休 办公环境舒适,"物联网,智能硬件",开发|测试|运维类,,移动前端开发,成都
95,上海抱朴信息技术有限公司,大家中医,50-150人,B轮,杨浦区,高级iOS开发工程师,5-10年,本科,20k-35k,BAT团队，竞争力薪资，员工餐,"在线医疗,工具类产品",开发|测试|运维类,"股票期权,扁平管理,颜值高,大牛多",移动前端开发,上海
96,深圳市大头兄弟科技有限公司,大头兄弟,150-500人,A轮,宝安区,IOS开发工程师,1-3年,不限,8k-15k,带薪年假，年终奖，下午茶，双休等,短视频,开发|测试|运维类,"年终奖,短视频应用,千万级用户,李开复投资",移动前端开发,深圳
97,北京艾科创意信息技术有限公司,活动行,50-150人,A轮,福田区,ios开发工程师,3-5年,本科,12k-24k,技术大佬环绕 五险一金 弹性工作,社交平台,开发|测试|运维类,"技能培训,绩效奖金,岗位晋升,五险一金",移动前端开发,深圳
98,武汉市多比特信息科技有限公司,多比特,150-500人,不需要融资,洪山区,ios高级开发工程师,3-5年,本科,10k-20k,"薪资福利好,年终丰厚,充分授权","营销服务｜咨询,游戏",开发|测试|运维类,"定期体检,带薪年假,年度旅游,领导好",移动前端开发,武汉
99,深圳市超时空探索科技有限公司,超时空探索,50-150人,天使轮,高新区,ios开发工程师,3-5年,本科,15k-20k,发展前景 福利丰富,"网络通信,MCN｜直播平台",开发|测试|运维类,,移动前端开发,成都
100,成都市玉米树科技有限公司,玉米树科技,15-50人,未融资,高新区,高级ios开发工程师,5-10年,本科,20k-35k,五险一金 定期理疗+健身 餐饮补贴 旅游,游戏,开发|测试|运维类,"绩效奖金,带薪年假,定期体检,通讯津贴",移动前端开发,成都
101,北京小熊博望科技有限公司,小熊博望,150-500人,不需要融资,海淀区,高级ios开发工程师,3-5年,本科,20k-40k,团队氛围好 弹性制度 机会多,"IT技术服务｜咨询,工具类产品",开发|测试|运维类,"年终分红,股票期权,带薪年假,午餐补助",移动前端开发,北京
102,四川马太科技有限公司,马太科技,50-150人,不需要融资,高新区,ios开发工程师,3-5年,本科,9k-15k,晋升空间 五险一金 年终分红 无需融资,在线医疗,开发|测试|运维类,"带薪年假,五险一金,周末双休,年终分红",移动前端开发,成都
103,北京鲸榄网络科技有限公司,鲸榄科技,15-50人,未融资,朝阳区,ios开发工程师,5-10年,本科,15k-30k,超长假期 出国游 福利补助,社交平台,开发|测试|运维类,,移动前端开发,北京
104,广西叫酒网络科技有限公司,酒小二,150-500人,未融资,江南区,ios开发工程师,3-5年,大专,10k-15k,五险 工作餐 技术团队支持 发展空间,"电商,消费生活",开发|测试|运维类,"绩效奖金,午餐补助,岗位晋升,带薪年假",移动前端开发,南宁
105,北京蓝色光标数字传媒科技有限公司,蓝标传媒,500-2000人,不需要融资,朝阳区,ios开发工程师,3-5年,本科,20k-25k,六险一金 季度奖金 餐补,营销服务｜咨询,开发|测试|运维类,"专项奖金,带薪年假,绩效奖金,扁平管理",移动前端开发,北京
106,天目传媒有限公司,天目传媒,150-500人,未融资,下城区,ios开发工程师,1-3年,本科,10k-20k,行业标杆 五险一金 绩效奖金 规范管理,"文化传媒,新媒体,内容资讯",开发|测试|运维类,"绩效奖金,领导好,管理规范,五险一金",移动前端开发,杭州
107,北京猫眼文化传媒有限公司,猫眼电影,500-2000人,未融资,东城区,iOS开发工程师,3-5年,本科,15k-30k,高成长,消费生活,开发|测试|运维类,,移动前端开发,北京
108,互动峰科技（北京）有限公司,好大夫在线,500-2000人,D轮及以上,朝阳区,ios开发工程师,3-5年,本科,20k-40k,互联网医疗平台 大牛团队 发展空间大,在线医疗,开发|测试|运维类,"五险一金,带薪年假,专项奖金,免费班车",移动前端开发,北京
109,武汉小果科技有限公司,森果,50-150人,天使轮,东湖新技术开发区,移动端开发工程师,不限,本科,8k-15k,技术大牛，定期分享，项目奖金，提供mac,IT技术服务｜咨询,开发|测试|运维类,"股票期权,弹性工作,节日礼物,领导好",前端开发,武汉
110,百联全渠道电子商务有限公司,百联全渠道电商,500-2000人,不需要融资,黄浦区,高级ios开发工程师,5-10年,本科,30k-40k,绩效奖金、 带薪年假、午餐补助、岗位晋升,新零售,开发|测试|运维类,"节日礼物,岗位晋升,五险一金,午餐补助",移动前端开发,上海
111,成都随身学教育科技有限公司,对啊网,500-2000人,B轮,成华区,iOS开发工程师,1-3年,大专,9k-13k,七险一金、每年两次调薪机会、带薪年假,在线教育,开发|测试|运维类,"在线教育,对啊网,随身学,绩效奖金",移动前端开发,成都
112,南京贝湾信息科技有限公司,扇贝,150-500人,B轮,玄武区,iOS开发工程师,不限,不限,9k-16k,"团队棒,个人成长快","在线教育,工具类产品,内容社区",开发|测试|运维类,"节日礼物,带薪年假,扁平管理,定期体检",移动前端开发,南京
113,南京贝湾信息科技有限公司,扇贝,150-500人,B轮,玄武区,iOS高级开发工程师,不限,不限,13k-22k,"团队棒,个人成长快","在线教育,工具类产品,内容社区",开发|测试|运维类,"节日礼物,带薪年假,扁平管理,定期体检",移动前端开发,南京
114,广州久邦世纪科技有限公司,久邦GOMO,500-2000人,不需要融资,越秀区,IOS开发工程师,1-3年,本科,10k-15k,"弹性工作制,大牛云集,绩效奖金,出国旅游","游戏,工具类产品",开发|测试|运维类,"扁平管理,弹性工作,带薪年假,绩效奖金",移动前端开发,广州
115,成都随身学教育科技有限公司,对啊网,500-2000人,B轮,成华区,iOS高级开发工程师,1-3年,大专,9k-13k,七险一金、每年两次调薪机会、带薪年假,在线教育,开发|测试|运维类,"在线教育,对啊网,随身学,绩效奖金",移动前端开发,成都
116,前锦网络信息技术（上海）有限公司,51JOB,2000人以上,上市公司,浦东新区,ios开发工程师,1-3年,本科,10k-18k,"五险一金,技术大牛,团队氛围好",工具类产品,开发|测试|运维类,,移动前端开发,上海
117,南京金贝网络科技有限公司,口袋金融,50-150人,不需要融资,建邺区,ios开发工程师,1-3年,本科,8k-16k,十四薪,科技金融,开发|测试|运维类,"年底双薪,节日礼物,绩效奖金,岗位晋升",移动前端开发,南京
118,纳恩博（北京）科技有限公司,九号公司,2000人以上,C轮,海淀区,ios开发工程师,3-5年,本科,20k-40k,黑科技 大牛团队 机器人 创新短交通产品,"硬件,其他",开发|测试|运维类,"节日礼物,带薪年假,定期体检,五险一金",移动前端开发,北京
119,深圳行云跃动网络科技有限公司,A8体育,50-150人,B轮,南山区,ios开发工程师,1-3年,本科,12k-20k,提升快、福利多元化,MCN｜直播平台,开发|测试|运维类,,移动前端开发,深圳
120,成都亿方游网络科技有限公司,成都亿方游,50-150人,未融资,高新区,ios开发工程师,1-3年,大专,9k-12k,扁平化管理 五险一金 下午茶 体检,"工具类产品,区块链",开发|测试|运维类,,移动前端开发,成都
121,完美世界（北京）软件科技发展有限公司,完美世界,2000人以上,上市公司,朝阳区,高级iOS开发工程师,3-5年,本科,20k-40k,核心项目、教育+游戏朝阳产业,游戏,开发|测试|运维类,"绩效奖金,五险一金,带薪年假,年度旅游",移动前端开发,北京
122,上海景域文化传播股份有限公司,驴妈妈旅游网,2000人以上,D轮及以上,嘉定区,ios高级开发工程师,5-10年,本科,25k-35k,餐补 带薪年假 通讯补贴,旅游｜出行,开发|测试|运维类,"绩效奖金,专项奖金,五险一金,通讯津贴",移动前端开发,上海
123,惠州市索隐科技有限公司,索隐科技,15-50人,不需要融资,惠城区,iOS开发工程师,不限,本科,8k-16k,年底双薪、社保、节日津贴、旅游、双休,工具类产品,开发|测试|运维类,"带薪年假,年度旅游,岗位晋升,定期体检",移动前端开发,惠州
124,上海海万信息科技股份有限公司,海万科技,500-2000人,不需要融资,福田区,ios开发工程师,1-3年,大专,8k-13k,"专项奖金,五险一金,交通补助,带薪年假","软件服务｜咨询,IT技术服务｜咨询",开发|测试|运维类,,移动前端开发,深圳
125,北京青岳科技有限公司,青岳科技,50-150人,未融资,朝阳区,ios开发工程师,3-5年,本科,15k-30k,"带薪年假,公司氛围好,扁平管理","物联网,智能硬件",开发|测试|运维类,,移动前端开发,北京
126,成都随身学教育科技有限公司,对啊网,500-2000人,B轮,成华区,iOS开发工程师,1-3年,大专,9k-13k,七险一金;每年两次调薪机会,在线教育,开发|测试|运维类,"在线教育,对啊网,随身学,绩效奖金",移动前端开发,成都
127,阳光铭岛能源科技有限公司,阳光铭岛,50-150人,不需要融资,滨江区,ios高级开发工程师,5-10年,本科,18k-30k,六险一金,汽车丨出行,开发|测试|运维类,,移动前端开发,杭州
128,深圳道乐科技有限公司,深圳道乐,150-500人,未融资,南山区,iOS开发工程师,1-3年,本科,8k-15k,五险一金 绩效奖金 年终奖 餐补,科技金融,开发|测试|运维类,"年终奖励,成长空间,扁平管理,美女多",移动前端开发,深圳
129,遍享信息技术（上海）有限公司,遍享信息,150-500人,未融资,福田区,ios开发工程师,不限,不限,12k-22k,福利待遇好,IT技术服务｜咨询,开发|测试|运维类,"节日礼物,年底双薪,专项奖金,带薪年假",移动前端开发,深圳
130,成都东方盛行电子有限责任公司,东方盛行,150-500人,未融资,高新区,iOS开发工程师,1-3年,本科,9k-18k,"广电,新媒体,APP,web",新媒体,开发|测试|运维类,"年底双薪,节日礼物,技能培训,绩效奖金",移动前端开发,成都
131,广东美的制冷设备有限公司,美的IoT,2000人以上,上市公司,番禺区,ios开发,3-5年,本科,15k-25k,"500强,上市公司,六险一金,扁平化管理","人工智能服务,智能硬件,物联网",开发|测试|运维类,"年底双薪,免费班车,带薪年假,岗位晋升",移动前端开发,广州
132,上海炫体信息科技有限公司,上海炫体信息科技,15-50人,不需要融资,闵行区,ios开发工程师,3-5年,大专,10k-15k,扁平化管理、别墅式办公环境、做五休二,"移动互联网,企业服务",开发|测试|运维类,"提供水果零食,年度旅游,岗位晋升,美女多",移动前端开发,上海
133,北京印象笔记科技有限公司,印象笔记,50-150人,A轮,朝阳区,ios开发工程师,5-10年,本科,30k-40k,六险一金，超长年假,工具类产品,开发|测试|运维类,"高端医疗保险,交通补助,午餐补助,弹性工作",移动前端开发,北京
134,杭州丈浔科技有限公司,丈浔科技,50-150人,未融资,滨江区,ios开发工程师,3-5年,本科,15k-20k,五险一金 双休,"移动互联网,数据服务",开发|测试|运维类,"技能培训,专项奖金,带薪年假,绩效奖金",移动前端开发,杭州
135,杭州涂鸦信息技术有限公司,涂鸦智能,2000人以上,C轮,西湖区,iOS开发工程师-KA业务方向,3-5年,本科,15k-25k,定期体检 五险一金 不打卡,"物联网,智能硬件",开发|测试|运维类,"5星办公环境,年底奖金,团队牛B,五险一金",移动前端开发,杭州
136,成都随身学教育科技有限公司,对啊网,500-2000人,B轮,成华区,iOS高级开发工程师,1-3年,大专,9k-13k,七险一金;每年两次调薪机会,在线教育,开发|测试|运维类,"在线教育,对啊网,随身学,绩效奖金",移动前端开发,成都
137,杭州涂鸦信息技术有限公司,涂鸦智能,2000人以上,C轮,西湖区,资深ios开发工程师,3-5年,本科,15k-30k,独角兽、弹性工作、免费打车、定期团建,"物联网,智能硬件",开发|测试|运维类,"5星办公环境,年底奖金,团队牛B,五险一金",移动前端开发,杭州
138,北京转转精神科技有限责任公司,转转,2000人以上,B轮,海淀区,iOS高级开发工程师,1-3年,本科,18k-30k,六险一金，弹性工作，带薪年假，大牛共事,电商平台,开发|测试|运维类,"带薪年假,定期体检,交通补助,年底双薪",移动前端开发,北京
139,杭州涂鸦信息技术有限公司,涂鸦智能,2000人以上,C轮,南山区,iOS高级开发工程师 (KA业务方向),3-5年,本科,15k-30k,弹性工作 独角兽 年度旅游 带薪年假,"物联网,智能硬件",开发|测试|运维类,"5星办公环境,年底奖金,团队牛B,五险一金",移动前端开发,深圳
140,家有学霸（杭州）科技有限公司,家有学霸,500-2000人,C轮,余杭区,ios开发工程师,在校/应届,本科,4k-8k,员工旅游 透明晋升 期权奖励 每月团建,教育,开发|测试|运维类,"股票期权,带薪年假,午餐补助,每月一次团建",移动前端开发,杭州
141,上海韩创网络科技有限公司,韩创科技,500-2000人,不需要融资,浦东新区,ios开发工程师,3-5年,本科,15k-20k,活动多、福利足、加班少,内容社区,开发|测试|运维类,"年终分红,绩效奖金,五险一金,带薪年假",移动前端开发,上海
142,网易（杭州）网络有限公司,网易,2000人以上,上市公司,天河区,ios,1-3年,本科,20k-40k,项目管理 薪资高福利好 包吃 晋升,"内容资讯,游戏,音频｜视频媒体",开发|测试|运维类,"节日礼物,技能培训,免费班车,带薪年假",移动前端开发,广州
143,铂渊信息技术（上海）有限公司,铂渊信息,15-50人,未融资,杨浦区,ios开发工程师,1-3年,本科,8k-16k,绩效奖金、年底双薪、公司旅游、体检、医保福利,移动互联网,开发|测试|运维类,,移动前端开发,上海
144,上饶市一三齐齐信息技术有限公司广州分公司,一三齐齐游戏,150-500人,A轮,天河区,ios开发工程师,1-3年,本科,10k-17k,包三餐、房补、晋升、职业发展,游戏,开发|测试|运维类,"年底双薪,带薪年假,免费三餐,下午茶",移动前端开发,广州
145,杭州涂鸦信息技术有限公司,涂鸦智能,2000人以上,C轮,西湖区,iOS实习生,不限,本科,3k-5k,独角兽、弹性工作、免费打车、定期团建,"物联网,智能硬件",开发|测试|运维类,"5星办公环境,年底奖金,团队牛B,五险一金",移动前端开发,杭州
146,微梦创科网络科技（中国）有限公司,微博,2000人以上,上市公司,海淀区,ios开发工程师,3-5年,本科,15k-25k,重点业务、绩效奖金、各种福利,社交媒体,开发|测试|运维类,"年底双薪,专项奖金,股票期权,五险一金",移动前端开发,北京
147,深圳市法本信息技术股份有限公司,法本信息,2000人以上,上市公司,,ios高级开发工程师,3-5年,大专,13k-25k,六险一金 双休 弹性工作 外企,"人工智能服务,IT技术服务｜咨询",开发|测试|运维类,,移动前端开发,广州
148,中信出版集团股份有限公司,中信出版集团,150-500人,不需要融资,朝阳区,ios工程师,3-5年,本科,20k-30k,扁平管理，开放办公环境，福利好,文化传媒,开发|测试|运维类,"六险两金,员工食堂,补充医疗,物业采暖补助",移动前端开发,北京
149,杭州顺网科技股份有限公司,顺网科技,500-2000人,上市公司,西湖区,IOS开发工程师,1-3年,本科,10k-15k,五险一金 带薪年假 节日福利 年度旅游,游戏,开发|测试|运维类,"技能培训,节日礼物,年度旅游,岗位晋升",移动前端开发,杭州
150,上海麒斐信息科技有限公司,Kronos,15-50人,不需要融资,静安区,移动端开发工程师,3-5年,本科,30k-60k,精尖行业 团队氛围好,区块链,开发|测试|运维类,,移动前端开发,上海
151,北京云艺互动科技有限公司,ARTAND,少于15人,天使轮,顺义区,iOS开发工程师,1-3年,本科,20k-25k,五险一金,"社交,文娱丨内容",开发|测试|运维类,"节日礼物,与艺术近距离,领导好,美女多",移动前端开发,北京
152,北京读我科技有限公司,伴鱼,2000人以上,C轮,海淀区,iOS开发工程师,3-5年,本科,25k-50k,福利好、产品棒、空间大,在线教育,开发|测试|运维类,"带薪年假,交通补助,五险一金,住宿补贴",移动前端开发,北京
153,湖北盛天网络技术股份有限公司,盛天网络,500-2000人,上市公司,东湖新技术开发区,ios开发工程师,3-5年,本科,10k-15k,福利好 发展快,游戏,开发|测试|运维类,"专项奖金,五险一金,通讯津贴,交通补助",移动前端开发,武汉
154,上海掌小门教育科技有限公司,掌门教育,2000人以上,D轮及以上,虹口区,ios开发工程师,3-5年,本科,20k-30k,晋升空间大；14薪,在线教育,开发|测试|运维类,"技能培训,节日礼物,绩效奖金,岗位晋升",移动前端开发,上海
155,上海懒人易健科技有限公司,懒人科技,50-150人,不需要融资,福田区,ios开发工程师,1-3年,本科,10k-16k,朝阳行业,移动互联网,开发|测试|运维类,,移动前端开发,深圳
156,陕西康德曼信息技术有限公司,康德曼,50-150人,未融资,高新区,ios开发工程师,3-5年,本科,15k-20k,上市公司 股权激励 工作氛围好,智能硬件,开发|测试|运维类,,移动前端开发,成都
157,北京快乐茄信息技术有限公司,茄子快传,150-500人,B轮,海淀区,高级ios开发工程师,3-5年,本科,30k-50k,海外市场 短视频,软件服务｜咨询,开发|测试|运维类,"技能培训,领导好,美女多,帅哥多",移动前端开发,北京
158,成都乐劲科技有限责任公司,乐劲科技,50-150人,B轮,武侯区,IOS开发工程师,3-5年,本科,15k-25k,国际化团队 发展快 千万级用户app,社交平台,开发|测试|运维类,"股票期权,带薪年假,节日礼物,美女多",移动前端开发,成都
159,北京车之家信息技术有限公司,汽车之家,2000人以上,上市公司,海淀区,ios开发工程师,5-10年,本科,25k-35k,16薪 八险一金 办公环境好 带薪年假多,内容资讯,开发|测试|运维类,"技能培训,节日礼物,带薪年假,绩效奖金",移动前端开发,北京
160,深圳优依购互娱科技有限公司,辉耀互娱,150-500人,A轮,南山区,IOS开发工程师,不限,大专,15k-30k,"游戏行业,周末双休,带薪年假,年度旅游",游戏,开发|测试|运维类,"年底双薪,带薪年假,绩效奖金,岗位晋升",移动前端开发,深圳
161,北京猿印教育科技有限公司,猿印教育,50-150人,A轮,海淀区,iOS高级开发工程师,3-5年,本科,30k-50k,福利待遇好，上升空间大,在线教育,开发|测试|运维类,"股票期权,交通补助,弹性工作,节日礼物",移动前端开发,北京
162,深圳海康威视城市服务运营有限公司,海康威视城市服务运营,15-50人,未融资,南山区,ios开发工程师,3-5年,本科,15k-20k,有海康威视背景做支撑，发展前景良好！,"数据服务｜咨询,物联网",开发|测试|运维类,,移动前端开发,深圳
163,深圳云麦科技有限公司,云麦YUNMAI,150-500人,C轮,南山区,ios开发工程师,3-5年,本科,10k-20k,扁平化管理、团队氛围好、平台好,"移动互联网,硬件",开发|测试|运维类,"节日礼物,技能培训,年底双薪,股票期权",移动前端开发,深圳
164,上海悟景信息科技有限公司,悟景,50-150人,未融资,浦东新区,ios开发工程师,3-5年,大专,17k-23k,五险一金 年终奖金 节假日福利 绩效奖金,IT技术服务｜咨询,开发|测试|运维类,"弹性工作,节日礼物,帅哥多,美女多",移动前端开发,上海
165,广州虎牙科技有限公司,虎牙科技,2000人以上,上市公司,番禺区,ios高级开发工程师,3-5年,本科,25k-45k,大牛多，前景好,"游戏,MCN｜直播平台",开发|测试|运维类,"五险一金,年底双薪,午餐补助,带薪年假",移动前端开发,广州
166,上海微创软件股份有限公司,微创软件,2000人以上,不需要融资,海淀区,ios开发工程师,1-3年,本科,12k-16k,五险一金 带薪年假 年终奖金,IT技术服务｜咨询,开发|测试|运维类,"绩效奖金,带薪年假,定期体检,弹性工作",移动前端开发,北京
167,上海席昌实业有限公司,上海席昌,150-500人,未融资,黄浦区,iOS工程师,不限,本科,35k-50k,待遇优,制造业,开发|测试|运维类,,移动前端开发,上海
168,上海悦易网络信息技术有限公司,爱回收,2000人以上,D轮及以上,杨浦区,高级ios开发工程师,5-10年,本科,25k-30k,准上市公司，领导Nice，重点项目,电商平台,开发|测试|运维类,"节日礼物,股票期权,专项奖金,带薪年假",移动前端开发,上海
169,重庆锐云科技有限公司,锐云科技,150-500人,未融资,渝北区,ios高级开发工程师,1-3年,本科,9k-15k,一个特别欢乐的团队,"数据服务｜咨询,IT技术服务｜咨询",开发|测试|运维类,"年底双薪,节日礼物,领导好",移动前端开发,重庆
170,杭州卡俄斯星科技有限公司,卡俄斯星,50-150人,未融资,滨江区,ios开发工程师,3-5年,本科,10k-16k,五险一金 带薪年假 高温补贴 团建补贴,IT技术服务｜咨询,开发|测试|运维类,,移动前端开发,杭州
171,上海纳纳科技有限公司,纳纳科技,50-150人,不需要融资,虹口区,ios开发工程师,3-5年,本科,15k-20k,平台好 业务稳 福利多 成长快 氛围佳,软件服务｜咨询,开发|测试|运维类,"年底双薪,专项奖金,交通补助,定期体检",移动前端开发,上海
172,广州久邦世纪科技有限公司,久邦GOMO,500-2000人,不需要融资,越秀区,ios开发工程师,1-3年,本科,10k-15k,五险一金、年度体检,"游戏,工具类产品",开发|测试|运维类,"扁平管理,弹性工作,带薪年假,绩效奖金",移动前端开发,广州
173,微梦创科网络科技（中国）有限公司,微博,2000人以上,上市公司,海淀区,iOS开发工程师,3-5年,本科,25k-40k,大平台、成长空间、福利完善,社交媒体,开发|测试|运维类,"年底双薪,专项奖金,股票期权,五险一金",移动前端开发,北京
174,武汉速诺科技有限公司,速诺科技,15-50人,不需要融资,洪山区,ios开发工程师,1-3年,本科,8k-10k,周末双休，入职就缴纳五险一金，扁平化管理,"游戏,工具类产品",开发|测试|运维类,"美女多,帅哥多,员工旅游,零食小柜",移动前端开发,武汉
175,广东格兰仕集团有限公司,格兰仕,2000人以上,不需要融资,南山区,ios开发工程师,5-10年,本科,20k-40k,大平台、物联网、福利好,制造业,开发|测试|运维类,,移动前端开发,深圳
176,成都网感科技有限公司,成都网感科技,15-50人,不需要融资,郫县,ios开发工程师,3-5年,本科,10k-15k,五险一金、周末双休、零食下午茶、生日会,"物联网,智能硬件",开发|测试|运维类,,移动前端开发,成都
177,广州友迅网络科技有限公司,友迅科技,50-150人,不需要融资,白云区,IOS开发工程师,3-5年,大专,15k-18k,全勤奖 下午茶 包午餐,"社交平台,IT技术服务｜咨询",开发|测试|运维类,,移动前端开发,广州
178,上海倾听信息技术有限公司,蜻蜓FM,150-500人,D轮及以上,浦东新区,iOS开发工程师,3-5年,本科,20k-40k,"扁平管理,技术大牛,五险一金,福利多多",音频｜视频媒体,开发|测试|运维类,"明星直播,男女1:1,带薪年假,扁平管理",移动前端开发,上海
179,深圳前海汇能科技产业有限公司,汇能科技,50-150人,未融资,宝安区,ios开发工程师,3-5年,大专,10k-15k,全勤奖 年终奖金 下午茶 团建活动,IT技术服务｜咨询,开发|测试|运维类,"带薪年假,节日礼物,管理规范,五险一金",移动前端开发,深圳
180,泽怡信息科技（上海）有限公司,泽怡科技,500-2000人,未融资,徐汇区,IOS开发工程师,3-5年,本科,15k-30k,弹性工作制，扁平管理，氛围活跃,数据服务｜咨询,开发|测试|运维类,,移动前端开发,上海
181,腾讯科技（深圳）有限公司,腾讯,2000人以上,上市公司,徐汇区,IOS高级开发工程师,3-5年,本科,25k-50k,福利待遇/年终奖/职业发展,"游戏,社交媒体,音频｜视频媒体",开发|测试|运维类,"免费班车,成长空间,年度旅游,岗位晋升",移动前端开发,上海
182,腾讯科技（深圳）有限公司,腾讯,2000人以上,上市公司,高新区,iOS高级开发工程师,5-10年,本科,20k-40k,入职作为团队核心成员，团队氛围好,"游戏,社交媒体,音频｜视频媒体",开发|测试|运维类,"免费班车,成长空间,年度旅游,岗位晋升",移动前端开发,成都
183,上海微创软件股份有限公司,微创软件,2000人以上,不需要融资,南山区,ios开发工程师,1-3年,大专,12k-15k,免费班车，免费早餐，夜宵卷，加班费,IT技术服务｜咨询,开发|测试|运维类,"绩效奖金,带薪年假,定期体检,弹性工作",移动前端开发,深圳
184,深圳市时代华盛网络科技有限公司,华盛通,150-500人,不需要融资,南山区,ios开发工程师,3-5年,本科,12k-24k,互联网券商、高速发展、福利好、氛围好,"软件服务｜咨询,科技金融",开发|测试|运维类,"带薪年假,股票期权,定期体检,扁平管理",移动前端开发,深圳
185,北京艾飞移动科技有限公司,Alpha Mobile,50-150人,不需要融资,朝阳区,iOS工程师,1-3年,本科,11k-20k,"团队优秀,工作挑战大,发展空间大",IT技术服务｜咨询,开发|测试|运维类,"顶尖团队,极客精神,扁平管理,氛围和谐友爱",移动前端开发,北京
186,北京艾飞移动科技有限公司,Alpha Mobile,50-150人,不需要融资,朝阳区,iOS开发工程师,1-3年,本科,15k-25k,"团队优秀,工作挑战大,发展空间大",IT技术服务｜咨询,开发|测试|运维类,"顶尖团队,极客精神,扁平管理,氛围和谐友爱",移动前端开发,北京
187,互动峰科技（北京）有限公司,好大夫在线,500-2000人,D轮及以上,朝阳区,ios开发工程师,3-5年,本科,20k-40k,医疗独角兽 食堂管饱 技术大牛,在线医疗,开发|测试|运维类,"五险一金,带薪年假,专项奖金,免费班车",移动前端开发,北京
188,深圳市懒人在线科技有限公司,懒人听书,150-500人,C轮,南山区,iOS高级开发工程师,3-5年,本科,18k-30k,亿万用户使用的App等着您,音频｜视频媒体,开发|测试|运维类,"五险一金,年度旅游,弹性工作,节日礼物",移动前端开发,深圳
189,深圳市懒人在线科技有限公司,懒人听书,150-500人,C轮,南山区,iOS开发工程师,1-3年,大专,8k-16k,"工作氛围好,成长空间大",音频｜视频媒体,开发|测试|运维类,"五险一金,年度旅游,弹性工作,节日礼物",移动前端开发,深圳
190,金华手速信息科技有限公司北京分公司,金华手速信息科技有限公司北京分公司,150-500人,A轮,朝阳区,ios开发工程师,3-5年,本科,15k-20k,五险一金 周末双休 节日福利,IT技术服务｜咨询,开发|测试|运维类,,移动前端开发,北京
191,满金坝(深圳)科技有限公司,满金坝,50-150人,不需要融资,福田区,ios开发工程师,3-5年,本科,15k-20k,发展前景 周末双休　创业公司,电商平台,开发|测试|运维类,"年终分红,带薪年假,交通补助,午餐补助",移动前端开发,深圳
192,深圳市六度人和科技有限公司,EC,150-500人,C轮,南山区,iOS开发工程师,3-5年,本科,15k-25k,"腾讯系,精英团队,福利优越,培训机会","软件服务｜咨询,IT技术服务｜咨询",开发|测试|运维类,"节日礼物,年底双薪,技能培训,绩效奖金",移动前端开发,深圳
193,北京字节跳动科技有限公司,字节跳动,2000人以上,D轮及以上,闵行区,ios开发工程师,不限,本科,30k-60k,国际化团队，成长空间大，独立闭环业务。,"内容资讯,短视频",开发|测试|运维类,"扁平管理,弹性工作,就近租房补贴,六险一金",移动前端开发,上海
194,广东各有所爱信息科技有限公司,各有所爱信息科技,50-150人,未融资,番禺区,ios开发工程师,3-5年,本科,12k-18k,重点项目 发展空间 福利好,电商平台,开发|测试|运维类,"五险一金,地铁口,股票期权,年终分红",移动前端开发,广州
195,TCL实业控股股份有限公司,TCL,2000人以上,上市公司,南山区,ios高级开发工程师,3-5年,本科,15k-30k,大平台,"制造业,智能硬件",开发|测试|运维类,"年底双薪,带薪年假,定期体检,绩效奖金",移动前端开发,深圳
196,天目传媒有限公司,天目传媒,150-500人,未融资,下城区,高级ios开发工程师,3-5年,本科,10k-20k,待遇丰厚 办公环境优 团队氛围好,"文化传媒,新媒体,内容资讯",开发|测试|运维类,"绩效奖金,领导好,管理规范,五险一金",移动前端开发,杭州
197,深圳市六度人和科技有限公司,EC,150-500人,C轮,南山区,ios开发工程师,1-3年,本科,10k-16k,腾讯系公司，扁平化管理,"软件服务｜咨询,IT技术服务｜咨询",开发|测试|运维类,"节日礼物,年底双薪,技能培训,绩效奖金",移动前端开发,深圳
198,禧涤智能（北京）科技有限公司,禧涤智能,50-150人,A轮,朝阳区,ios工程师,3-5年,本科,15k-30k,大牛团队 扁平管理 晋升快,智能硬件,开发|测试|运维类,"交通补助,午餐补助,扁平管理,领导好",移动前端开发,北京
199,上海数与实业集团有限公司,数与实业,50-150人,不需要融资,闵行区,ios开发工程师,3-5年,本科,15k-22k,发展空间 技术成长 团队氛围,"数据服务,人工智能",开发|测试|运维类,"午餐补助,带薪年假,年底双薪",移动前端开发,上海
200,广东快乐种子科技有限公司,快乐种子,2000人以上,B轮,越秀区,高级ios开发工程师,3-5年,本科,15k-25k,发展迅速，线上教育，周末双休，9点半上班,在线教育,开发|测试|运维类,"专项奖金,股票期权,绩效奖金,带薪年假",移动前端开发,广州
201,杭州同花顺数据开发有限公司,同花顺,2000人以上,上市公司,余杭区,ios开发工程师,不限,不限,15k-26k,人傻钱多 互联网金融 移动端开发,科技金融,开发|测试|运维类,"带薪年假,定期体检,免费班车,领导好",移动前端开发,杭州
202,上海纳纳科技有限公司,纳纳科技,50-150人,不需要融资,虹口区,高级ios开发工程师,3-5年,本科,16k-22k,平台稳 项目好 氛围佳 福利多,软件服务｜咨询,开发|测试|运维类,"年底双薪,专项奖金,交通补助,定期体检",移动前端开发,上海
203,寻伙（安徽）科技有限公司,寻伙科技,50-150人,未融资,经济技术开发区,ios开发工程师,3-5年,本科,10k-15k,平台大，前景广，百人技术团队，欢迎加盟！,"工具类产品,软件服务｜咨询,IT技术服务｜咨询",开发|测试|运维类,,移动前端开发,合肥
204,深圳市华曦达科技股份有限公司,华曦达科技,150-500人,上市公司,南山区,ios工程师,1-3年,大专,13k-17k,五险一金 带薪年假 员工福利 绩效奖金,"软件服务｜咨询,IT技术服务｜咨询,物联网",开发|测试|运维类,"年底双薪,股票期权,带薪年假,美女多",移动前端开发,深圳
205,北京多格科技有限公司,懂球帝,150-500人,C轮,海淀区,ios开发工程师,1-3年,本科,12k-24k,午餐补贴；足球俱乐部；带薪休假,内容社区,开发|测试|运维类,"绩效奖金,年底双薪,五险一金,带薪年假",移动前端开发,北京
206,万翼科技有限公司,万科,2000人以上,上市公司,南山区,移动端开发工程师,3-5年,本科,15k-30k,世界500强 优秀的团队 发展空间大,房地产｜建筑｜物业,开发|测试|运维类,"绩效奖金,岗位晋升,管理规范,通讯津贴",移动前端开发,深圳
207,深圳市晨北科技有限公司,深圳市晨北科技有限公司,500-2000人,上市公司,南山区,IOS开发工程师,5-10年,本科,15k-30k,七险一金 周末双休 餐费补贴,智能硬件,开发|测试|运维类,"节日礼物,带薪年假,年度旅游,岗位晋升",移动前端开发,深圳
208,北京多来点信息技术有限公司,哗啦啦,500-2000人,B轮,西城区,ios高级开发工程师,3-5年,本科,25k-40k,团队活力,软件服务｜咨询,开发|测试|运维类,"技能培训,岗位晋升,领导好,带薪年假",移动前端开发,北京
209,深圳市点证科技有限公司,点证,50-150人,未融资,福田区,ios开发工程师,3-5年,本科,12k-16k,带薪年假，周末双休，福利多多，氛围良好,科技金融,开发|测试|运维类,"定期体检,股票期权,年终分红,年度旅游",移动前端开发,深圳
210,北京猿力未来科技有限公司,猿辅导,2000人以上,D轮及以上,朝阳区,ios开发工程师,1-3年,本科,25k-35k,核心业务、上升空间大,在线教育,开发|测试|运维类,"股票期权,年底双薪,五险一金,带薪年假",移动前端开发,北京
211,四川牙易在线网络科技有限公司,牙e在线,150-500人,不需要融资,金牛区,iOS开发工程师,1-3年,不限,7k-13k,"成长培训,吃住全包,发展空间,职位升迁",在线医疗,开发|测试|运维类,"午餐补助,定期体检,绩效奖金,专项奖金",移动前端开发,成都
212,彩讯科技股份有限公司,彩讯股份,500-2000人,上市公司,南山区,IOS开发工程师,1-3年,本科,10k-18k,上市公司 氛围轻松 福利好,软件服务｜咨询,开发|测试|运维类,"节日礼物,技能培训,年度旅游,岗位晋升",移动前端开发,深圳
213,深圳市方直科技股份有限公司,方直科技,150-500人,上市公司,南山区,IOS开发工程师,3-5年,本科,15k-28k,"上市公司,团队氛围好,大平台,上升空间大",工具类产品,开发|测试|运维类,"技能培训,年底双薪,节日礼物,绩效奖金",移动前端开发,深圳
214,北大医疗信息技术有限公司,北大医信,500-2000人,不需要融资,朝阳区,ios高级开发工程师,5-10年,本科,20k-30k,五险一金 商业保险 餐补 通讯补助,"软件服务｜咨询,IT技术服务｜咨询",开发|测试|运维类,"技能培训,带薪年假,绩效奖金,岗位晋升",移动前端开发,北京
215,深圳极联信息技术开发有限公司,极联开发,50-150人,未融资,海淀区,ios开发工程师,3-5年,大专,14k-20k,五险一金 周末双休 节日福利 每年多次调薪,软件开发,开发|测试|运维类,,移动前端开发,北京
216,四川牙易在线网络科技有限公司,牙e在线,150-500人,不需要融资,金牛区,iOS,不限,不限,7k-12k,"成长培训,吃住全包,发展空间,职位升迁",在线医疗,开发|测试|运维类,"午餐补助,定期体检,绩效奖金,专项奖金",移动前端开发,成都
217,深圳品和智慧科技有限公司武汉分公司,品和智慧,15-50人,未融资,东湖新技术开发区,移动端开发工程师,1-3年,本科,11k-20k,入职五险一金，周末双休，弹性打卡,"移动互联网,电商",开发|测试|运维类,"弹性工作,扁平管理,五险一金,节日礼物",移动前端开发,武汉
218,彩讯科技股份有限公司,彩讯股份,500-2000人,上市公司,高新区,ios开发工程师,3-5年,本科,8k-13k,双休 五险一金 团队氛围 定期体检,软件服务｜咨询,开发|测试|运维类,"节日礼物,技能培训,年度旅游,岗位晋升",移动前端开发,成都
219,华安财产保险股份有限公司,华安保险,2000人以上,不需要融资,福田区,ios开发工程师,3-5年,本科,15k-20k,综合补贴 年底多薪 每年调薪 三餐免费,科技金融,开发|测试|运维类,"技能培训,年底双薪,节日礼物,落户办理",移动前端开发,深圳
220,上海小讯鸽网络科技有限公司,小讯鸽,150-500人,不需要融资,徐汇区,移动端开发工程师,5-10年,本科,15k-25k,公司发展稳定潜力大,软件服务｜咨询,开发|测试|运维类,,移动前端开发,上海
221,上海绘享网络科技有限公司,彩贝壳,150-500人,B轮,长宁区,ios开发工程师,1-3年,本科,15k-20k,技术大牛多，团队分享，福利待遇好,旅游｜出行,开发|测试|运维类,"股票期权,扁平管理,五险一金,8天年假",移动前端开发,上海
222,北京沐融信息科技股份有限公司,沐融科技,500-2000人,C轮,海淀区,ios开发工程师,3-5年,本科,12k-18k,五险一金 交补 话补 笔记本补贴,科技金融,开发|测试|运维类,"年底双薪,通讯津贴,带薪年假,交通补助",移动前端开发,北京
223,鲨鱼快游网络技术（北京）有限公司,鲨鱼记账,50-150人,A轮,海淀区,iOS开发工程师,3-5年,本科,20k-35k,五险一金，免费午餐，假日福利，快速成长,工具类产品,开发|测试|运维类,"午餐补助,免费班车,扁平管理,五险一金",移动前端开发,北京
224,北京青云科技股份有限公司,青云,500-2000人,D轮及以上,东湖新技术开发区,ios高级开发工程师,5-10年,本科,15k-20k,云计算,IT技术服务｜咨询,开发|测试|运维类,"技能培训,带薪年假,绩效奖金,岗位晋升",移动前端开发,武汉
225,北京青云科技股份有限公司,青云,500-2000人,D轮及以上,高新区,ios高级开发工程师,5-10年,本科,15k-20k,云计算,IT技术服务｜咨询,开发|测试|运维类,"技能培训,带薪年假,绩效奖金,岗位晋升",移动前端开发,成都
226,广州经传多赢投资咨询有限公司,经传多赢,2000人以上,不需要融资,番禺区,ios开发工程师,在校/应届,本科,6k-10k,全栈全牛 技术氛围浓厚 可往C++后端全栈发展,科技金融,开发|测试|运维类,"绩效奖金,年度旅游,扁平管理,技能培训",移动前端开发,广州
227,泰康资产管理有限责任公司,泰康资产,500-2000人,不需要融资,西城区,移动端开发工程师,5-10年,本科,35k-55k,大平台、发展空间大、管理规范、福利待遇佳,科技金融,开发|测试|运维类,"技能培训,带薪年假,绩效奖金,定期体检",移动前端开发,北京
228,北京闲徕互娱网络科技有限公司,闲徕互娱,150-500人,不需要融资,朝阳区,高级ios开发工程师,3-5年,本科,20k-40k,奖金 体检 旅游,游戏,开发|测试|运维类,"股票期权,带薪年假,专项奖金,绩效奖金",移动前端开发,北京
229,武汉十月科技有限责任公司,十月科技,15-50人,未融资,洪山区,ios高级开发工程师,3-5年,本科,10k-20k,工作氛围好、入职五险一金、具有竞争力的薪酬,社交平台,开发|测试|运维类,"弹性工作,节日礼物,帅哥多,扁平管理",移动前端开发,武汉
230,深圳市三个六科技有限公司,三个六,15-50人,未融资,南山区,ios开发工程师,3-5年,大专,11k-17k,周末双休 公司氛围活跃,IT技术服务｜咨询,开发|测试|运维类,,移动前端开发,深圳
231,浙江安厨大数据技术有限公司,浙江安厨大数据技术有限公司,150-500人,不需要融资,滨江区,ios开发工程师,3-5年,本科,12k-24k,蓝海行业，不定期团建,新零售,开发|测试|运维类,"岗位晋升,美女多,帅哥多,领导好",移动前端开发,杭州
232,上海本原网络科技有限公司,本原网络,15-50人,天使轮,闵行区,ios开发工程师,1-3年,本科,13k-21k,有梦想、有激情、有能力,软件服务｜咨询,开发|测试|运维类,,移动前端开发,上海
233,上海华钦信息科技股份有限公司,CLPS,500-2000人,上市公司,浦东新区,ios开发工程师,3-5年,本科,20k-30k,500强外企工作环境 弹性工作时间,软件服务｜咨询,开发|测试|运维类,"专项奖金,带薪年假,定期体检,交通补助",移动前端开发,上海
234,上海同望信息技术有限公司武汉分公司,上海同望,50-150人,不需要融资,洪山区,IOS开发工程师,1-3年,本科,5k-9k,"季度奖金,周末双休,年终奖,年度旅游",IT技术服务｜咨询,开发|测试|运维类,,移动前端开发,武汉
235,湖南快乐阳光互动娱乐传媒有限公司,芒果tv,500-2000人,上市公司,开福区,ios开发工程师,3-5年,本科,11k-16k,福利好,"音频｜视频媒体,短视频",开发|测试|运维类,"节日礼物,免费班车,带薪年假,帅哥多",移动前端开发,长沙
236,北京物灵科技有限公司,物灵,150-500人,A轮,朝阳区,高级ios开发工程师,3-5年,本科,15k-20k,高级IOS,"硬件,移动互联网",开发|测试|运维类,"带薪年假,餐补,福利待遇好,技术大牛",移动前端开发,北京
237,深圳市品创互联科技有限公司,品创互联,15-50人,不需要融资,南山区,iOS开发工程师,3-5年,本科,15k-30k,免费零食 扁平管理 下午茶,IT技术服务｜咨询,开发|测试|运维类,"年底双薪,带薪年假,交通补助,年终分红",移动前端开发,深圳
238,上海明品医学数据科技有限公司,大专家.COM,150-500人,A轮,松江区,ios开发工程师,1-3年,本科,10k-15k,晋升快发展好,在线医疗,开发|测试|运维类,"扁平管理,领导好,节日礼物,五险一金",移动前端开发,上海
239,北京圣达龙翔科技有限责任公司,圣达龙翔,150-500人,不需要融资,海淀区,ios开发,5-10年,本科,30k-50k,核心岗位,人工智能服务,开发|测试|运维类,,移动前端开发,北京
240,深圳虾皮信息科技有限公司,Shopee,500-2000人,上市公司,南山区,iOS高级开发工程师（ToC Group）,3-5年,本科,20k-40k,蓝海市场,电商平台,开发|测试|运维类,"外企氛围,蓝海市场,大牛多多,15天年假",移动前端开发,深圳
241,北京铸云网络科技有限公司,铸云网络,2000人以上,不需要融资,丰台区,ios开发工程师,3-5年,本科,15k-20k,自研项目，项目稳定，朝九晚六,"数据服务,区块链",开发|测试|运维类,,移动前端开发,北京
242,杭州涂鸦信息技术有限公司,涂鸦智能,2000人以上,C轮,西湖区,iOS资深开发工程师,3-5年,本科,15k-30k,"独角兽,不打卡,福利众多","物联网,智能硬件",开发|测试|运维类,"5星办公环境,年底奖金,团队牛B,五险一金",移动前端开发,杭州
243,成都联动凯睿信息技术有限公司,联盟智能社区,150-500人,B轮,黄浦区,ios开发工程师,5-10年,本科,20k-40k,晋升空间大，团队实力强，福利待遇优厚,生活服务,开发|测试|运维类,"带薪年假,定期体检,股票期权,美女多",移动前端开发,上海
244,上海汇石数字科技有限公司,汇石数科,50-150人,未融资,静安区,ios开发工程师,1-3年,大专,15k-25k,发展空间大，薪酬福利好,软件服务｜咨询,开发|测试|运维类,"节日礼物,年底双薪,专项奖金,带薪年假",移动前端开发,上海
245,大连秦恒科技发展有限公司,秦恒科技,50-150人,不需要融资,高新区,ios开发工程师,1年以下,大专,10k-15k,六险一金 13薪 每年涨薪 班车 食堂,软件服务｜咨询,开发|测试|运维类,,移动前端开发,成都
246,广州炫音网络科技有限公司,炫音网络,50-150人,不需要融资,天河区,ios开发工程师,3-5年,本科,10k-15k,app运营 十三薪 双休,MCN｜直播平台,开发|测试|运维类,"年底双薪,带薪年假,帅哥多,领导好",移动前端开发,广州
247,深圳市博悦科创科技有限公司,博悦科创,500-2000人,不需要融资,雨花台区,ios开发工程师,1-3年,本科,11k-12k,五险一金、年终奖金、定期体检、年度旅游,IT技术服务｜咨询,开发|测试|运维类,"年底双薪,定期体检,绩效奖金,技能培训",移动前端开发,南京
248,北京拉勾网络技术有限公司,拉勾网,500-2000人,D轮及以上,海淀区,高级iOS工程师,5-10年,本科,25k-40k,"发展空间大,弹性工作制,领导Nice","工具类产品,在线教育",开发|测试|运维类,"五险一金,弹性工作,带薪年假,免费两餐",移动前端开发,北京
249,武汉利基万商务信息咨询有限公司,利基万商务信息咨询,少于15人,未融资,海淀区,ios高级开发工程师,5-10年,本科,30k-50k,前景巨大 五险一金 头部公司,"移动互联网,企业服务",开发|测试|运维类,,移动前端开发,北京
250,成都联动凯睿信息技术有限公司,联盟智能社区,150-500人,B轮,黄浦区,ios开发工程师,3-5年,本科,20k-40k,前景广阔 福利待遇优厚,生活服务,开发|测试|运维类,"带薪年假,定期体检,股票期权,美女多",移动前端开发,上海
251,深圳市客路网络科技有限公司,KLOOK 客路旅行,500-2000人,D轮及以上,福田区,高级iOS开发工程师,5-10年,本科,20k-30k,全球化视野,旅游｜出行,开发|测试|运维类,"扁平管理,国际化团队,旅游基金,定期体检",移动前端开发,深圳
252,成都金铠锐科技有限公司,金铠锐,15-50人,未融资,双流区,IOS开发工程师,1-3年,本科,9k-12k,全勤奖，餐补，社保，,移动互联网,开发|测试|运维类,,移动前端开发,成都
253,成都新大瀚人力资源管理有限公司,新大瀚人力资源管理,500-2000人,不需要融资,朝阳区,ios高级开发工程师,3-5年,本科,25k-30k,平台好,其他,开发|测试|运维类,,移动前端开发,北京
254,人民网股份有限公司,人民网,2000人以上,上市公司,朝阳区,IOS开发工程师,1-3年,本科,18k-23k,"办公环境好,交通便利,发展空间大",内容资讯,开发|测试|运维类,"绩效奖金,五险一金,带薪年假,年底双薪",移动前端开发,北京
255,北京歪果仁科技有限公司,歪果仁科技,少于15人,不需要融资,海淀区,iOS开发工程师,不限,本科,15k-25k,牛人带；周末双休；出国游；五险一金,"移动互联网,教育",开发|测试|运维类,"扁平管理,五险一金,弹性工作,定期体检",移动前端开发,北京
256,北京高积云网络科技有限公司,高积云,少于15人,未融资,朝阳区,ios高级开发工程师,1-3年,本科,15k-30k,Work From Home,移动互联网,开发|测试|运维类,,移动前端开发,北京
257,携程计算机技术（上海）有限公司,携程集团,2000人以上,上市公司,长宁区,ios开发工程师,3-5年,本科,15k-25k,"平台大,福利多,氛围好",旅游｜出行,开发|测试|运维类,"绩效奖金,股票期权,五险一金,交通补助",移动前端开发,上海
258,行吟信息科技（上海）有限公司,小红书,500-2000人,D轮及以上,朝阳区,iOS研发工程师-视频发布方向,5-10年,本科,30k-60k,年底双薪、绩效奖金、租房补贴、带薪年假,"电商平台,内容社区",开发|测试|运维类,"年度旅游,节日礼物,专项奖金,带薪年假",移动前端开发,北京
259,行吟信息科技（上海）有限公司,小红书,500-2000人,D轮及以上,黄浦区,iOS开发工程师-视频业务-上海,5-10年,本科,25k-50k,年底双薪、绩效奖金、租房补贴、带薪年假,"电商平台,内容社区",开发|测试|运维类,"年度旅游,节日礼物,专项奖金,带薪年假",移动前端开发,上海
260,深圳市玉犀科技有限公司,玉犀科技,15-50人,不需要融资,龙华新区,ios开发,1-3年,大专,9k-12k,五险一金,"移动互联网,企业服务",开发|测试|运维类,"节日礼物,绩效奖金,岗位晋升,扁平管理",移动前端开发,深圳
261,浪潮通用软件有限公司,浪潮通软,500-2000人,上市公司,市中区,ios开发工程师,1-3年,本科,10k-15k,大企稳定、福利待遇,企业服务,开发|测试|运维类,"技能培训,节日礼物,年底双薪,带薪年假",移动前端开发,济南
262,惠州市索隐科技有限公司,索隐科技,15-50人,不需要融资,惠城区,iOS高级开发工程师,3-5年,本科,13k-25k,年底双薪、社保、节日津贴、旅游、双休,工具类产品,开发|测试|运维类,"带薪年假,年度旅游,岗位晋升,定期体检",移动前端开发,惠州
263,泰康人寿保险有限责任公司,泰康人寿,2000人以上,上市公司,昌平区,中高级IOS开发工程师,3-5年,本科,15k-30k,五险一金、双休、年终奖、员工旅游、补充医疗,金融业,开发|测试|运维类,"大健康,世界500强,大平台,有前途",移动前端开发,北京
264,深圳网脊科技开发有限公司,网脊科技,15-50人,A轮,宝安区,iOS软件开发,1-3年,本科,10k-15k,地铁口 五险一金 做五休二 年终奖,IT技术服务｜咨询,开发|测试|运维类,"绩效奖金,岗位晋升,年度旅游,扁平管理",移动前端开发,深圳
265,深圳金汇财富金融服务有限公司北京研发分公司,深圳金汇财富金融服务有限公司北京研发分公司,15-50人,不需要融资,海淀区,ios开发工程师,1-3年,本科,10k-16k,加班少、福利丰厚（奖金合计3-7个月）,科技金融,开发|测试|运维类,"带薪年假,团队nice,扁平管理,通讯津贴",移动前端开发,北京
266,谜星（北京）科技有限公司,谜星科技,少于15人,未融资,海淀区,ios,3-5年,本科,15k-30k,未知与未来,软件服务｜咨询,开发|测试|运维类,,移动前端开发,北京市
267,广州亦云信息技术股份有限公司,亦云,150-500人,上市公司,海珠区,ios架构师,10年以上,本科,35k-42k,周末双休、超甲办公室,"数据服务｜咨询,软件服务｜咨询",开发|测试|运维类,"技能培训,节日礼物,年底双薪,专项奖金",移动前端开发,广州
268,浙江联运知慧科技有限公司,联运知慧科技,500-2000人,上市公司,余杭区,移动端开发工程师,在校/应届,本科,6k-12k,提供食宿,IT技术服务｜咨询,开发|测试|运维类,"交通补助,带薪年假,通讯津贴,定期体检",移动前端开发,杭州
269,北京米连科技有限公司,伊对,50-150人,A轮,朝阳区,ios开发工程师(J10060),1-3年,本科,15k-25k,年底激励奖金,社交平台,开发|测试|运维类,"带薪年假,定期体检,年终分红",移动前端开发,北京
270,泰康人寿保险有限责任公司,泰康人寿,2000人以上,上市公司,昌平区,初级IOS开发工程师,1-3年,本科,12k-24k,五险一金、双休、弹性制、员工旅游、年终奖,金融业,开发|测试|运维类,"大健康,世界500强,大平台,有前途",移动前端开发,北京
271,上海识装信息科技有限公司,得物App,500-2000人,B轮,杨浦区,iOS开发工程师,1-3年,不限,15k-30k,下午茶、健身房、住房补贴、弹性工作。,电商平台,开发|测试|运维类,"绩效奖金,带薪年假,定期体检,节日礼物",移动前端开发,上海
272,北京斑马天下教育科技有限公司,斑马天下,500-2000人,A轮,朝阳区,ios高级开发工程师,3-5年,本科,17k-30k,不打卡 七险一金,"在线教育,人工智能服务",开发|测试|运维类,,移动前端开发,北京
273,克鲁（北京）网络科技有限公司,Castbox,50-150人,B轮,朝阳区,iOS 开发工程师,3-5年,本科,15k-30k,"大牛云集,硅谷文化,免费三餐,租房补贴",音频｜视频媒体,开发|测试|运维类,"股票期权,弹性工作,免费按摩,住房补助",移动前端开发,北京
274,重庆中景辰达网络技术有限公司,中景辰达,15-50人,未融资,巴南区,ios开发工程师,3-5年,本科,15k-25k,周末双休，节日福利，五险,软件开发、游戏,开发|测试|运维类,,移动前端开发,重庆
275,上海识装信息科技有限公司,得物App,500-2000人,B轮,杨浦区,安全-移动安全专家（Android和IOS）,3-5年,大专,20k-40k,年终奖金+季度奖金+好心情+福利多多,电商平台,开发|测试|运维类,"绩效奖金,带薪年假,定期体检,节日礼物",移动前端开发,上海
276,蓝鸽集团有限公司,蓝鸽集团,500-2000人,不需要融资,下城区,移动端开发工程师,在校/应届,本科,12k-18k,提供住宿、员工餐厅、五险一金、晋升快、平台大,"软件服务｜咨询,IT技术服务｜咨询",开发|测试|运维类,"专项奖金,加班费,两房一厅公寓,博士后工作站",移动前端开发,杭州
277,杭州涂鸦信息技术有限公司,涂鸦智能,2000人以上,C轮,南山区,iOS技术专家,5-10年,本科,20k-40k,独角兽 弹性工作,"物联网,智能硬件",开发|测试|运维类,"5星办公环境,年底奖金,团队牛B,五险一金",移动前端开发,深圳
278,杭州涂鸦信息技术有限公司,涂鸦智能,2000人以上,C轮,南山区,客户端架构师（iOS）,5-10年,本科,30k-50k,独角兽 弹性工作,"物联网,智能硬件",开发|测试|运维类,"5星办公环境,年底奖金,团队牛B,五险一金",移动前端开发,深圳
279,北京更广天地网络科技有限公司,更广天地,50-150人,未融资,海淀区,ios开发工程师,3-5年,不限,15k-30k,福利多多,"工具类产品,社交平台,科技金融",开发|测试|运维类,,移动前端开发,北京
280,上海倾听信息技术有限公司,蜻蜓FM,150-500人,D轮及以上,浦东新区,iOS开发工程师,3-5年,本科,15k-25k,发展空间大,音频｜视频媒体,开发|测试|运维类,"明星直播,男女1:1,带薪年假,扁平管理",移动前端开发,上海
281,深圳尚米网络技术有限公司,尚米网络,150-500人,不需要融资,宝安区,ios开发工程师,在校/应届,本科,7k-12k,公司免费提供精美早餐和下午茶，运动俱乐部,"游戏,电商平台",开发|测试|运维类,"绩效奖金,年度旅游,技能培训,免费早餐",移动前端开发,深圳
282,杭州同花顺数据开发有限公司,同花顺,2000人以上,上市公司,余杭区,ios开发工程师,3-5年,本科,18k-30k,金融大数据产品 技术氛围浓 上市公司,科技金融,开发|测试|运维类,"带薪年假,定期体检,免费班车,领导好",移动前端开发,杭州
283,武汉明昊杰通信有限公司,明昊杰通信,少于15人,不需要融资,杨浦区,高级ios开发工程师,3-5年,本科,25k-35k,发展空间大,人工智能 物流丨运输,开发|测试|运维类,,移动前端开发,上海
284,成都华唯科技股份有限公司,华唯科技,500-2000人,未融资,武侯区,移动端开发工程师,1-3年,本科,7k-14k,行业发展前景好,数据服务｜咨询,开发|测试|运维类,,移动前端开发,成都
285,科大讯飞股份有限公司,科大讯飞,2000人以上,上市公司,高新区,ios开发工程师,3-5年,本科,10k-15k,前景无限,"人工智能服务,IT技术服务｜咨询",开发|测试|运维类,"绩效奖金,股票期权,专项奖金,年底双薪",移动前端开发,合肥
286,深圳尚米网络技术有限公司,尚米网络,150-500人,不需要融资,宝安区,ios开发工程师,在校/应届,本科,8k-13k,"大佬带队,五险一金,发展空间大","游戏,电商平台",开发|测试|运维类,"绩效奖金,年度旅游,技能培训,免费早餐",移动前端开发,深圳
287,北京三快在线科技有限公司,美团,2000人以上,上市公司,朝阳区,机火研发-iOS 工程师,不限,不限,20k-30k,产品前景佳，成长空间大，团队氛围好,消费生活,开发|测试|运维类,"技能培训,绩效奖金,岗位晋升,领导好",移动前端开发,北京
288,深圳市亦乘科技有限公司,亦乘科技,15-50人,不需要融资,南山区,ios开发工程师,3-5年,大专,16k-21k,工作和生活都可以丰富多彩,"文娱丨内容,电商",开发|测试|运维类,,移动前端开发,深圳
289,北京三快在线科技有限公司,美团,2000人以上,上市公司,朝阳区,美团平台-高级iOS工程师,1-3年,本科,30k-45k,核心业务，团队氛围好，技术大牛多,消费生活,开发|测试|运维类,"技能培训,绩效奖金,岗位晋升,领导好",移动前端开发,北京
290,西安纽扣软件科技有限公司,纽扣软件,150-500人,不需要融资,高新技术产业开发区,ios开发,在校/应届,本科,6k-10k,自研团队 双休 五险一金,移动互联网,开发|测试|运维类,"年底双薪,带薪年假,绩效奖金,年度旅游",移动前端开发,西安
291,北京趣加科技有限公司,FunPlus 趣加游戏,500-2000人,B轮,朝阳区,资深iOS开发工程师,5-10年,本科,25k-40k,全球团队；待遇丰厚,"游戏,MCN｜直播平台",开发|测试|运维类,"绩效奖金,股票期权,专项奖金,五险一金",移动前端开发,北京
292,上海华钦信息科技股份有限公司,CLPS,500-2000人,上市公司,天河区,高级IOS开发工程师,5-10年,本科,20k-35k,"发展空间大,培训机会,世界五百强",软件服务｜咨询,开发|测试|运维类,"专项奖金,带薪年假,定期体检,交通补助",移动前端开发,广州
293,爱客科技（深圳）有限公司,AfterShip,150-500人,不需要融资,南山区,iOS 开发工程师,5-10年,本科,25k-35k,全球项目、高薪资、高福利、国际团队,"软件服务｜咨询,营销服务｜咨询,数据服务｜咨询",开发|测试|运维类,"持续盈利,国际龙头企业,SaaS平台,极客氛围",移动前端开发,深圳
294,神话科技传媒（深圳）有限公司上海分公司,神话科技,50-150人,未融资,朝阳区,高级ios研发工程师,3-5年,本科,20k-40k,很多,软件服务｜咨询,开发|测试|运维类,,移动前端开发,北京
295,中国民航信息网络股份有限公司重庆分公司,中国民航信息网络股份有限公司重庆分公司,500-2000人,上市公司,渝北区,移动开发工程师（Android/IOS）,1-3年,本科,8k-15k,五险二金、带薪年假、工会福利、教育培训,生活服务,开发|测试|运维类,"年底双薪,绩效奖金,带薪年假,通讯津贴",移动前端开发,重庆
296,上海尉合信息技术有限公司,尉合,50-150人,A轮,长宁区,ios高级开发工程师,3-5年,本科,13k-26k,年轻团队，mac 电脑标配,工具类产品,开发|测试|运维类,"年底双薪,股票期权,弹性工作,扁平管理",移动前端开发,上海
297,杭州涂鸦信息技术有限公司,涂鸦智能,2000人以上,C轮,西湖区,iOS开发工程师（SaaS方向）-MJ001703,3-5年,本科,15k-30k,物联网,"物联网,智能硬件",开发|测试|运维类,"5星办公环境,年底奖金,团队牛B,五险一金",移动前端开发,杭州
298,51JOB-共识基石科技（北京）有限公司,51JOB-共识基石科技（北京）有限公司,15-50人,不需要融资,海淀区,iOS全栈工程师-远程办公,3-5年,大专,20k-25k,"五险一金,补充医疗保险,年终奖金",软件开发,开发|测试|运维类,,移动前端开发,北京
299,广州摩翼信息科技有限公司,翼课网,500-2000人,不需要融资,大兴区,IOS研发工程师,在校/应届,本科,10k-15k,"五险一金,朝阳行业，周末双休",在线教育,开发|测试|运维类,"节日礼物,在线教育,岗位晋升,五险一金",移动前端开发,北京
300,科大讯飞股份有限公司,科大讯飞,2000人以上,上市公司,高新技术产业开发区,消费者BG-IOS研发-西安,3-5年,本科,15k-20k,上市公司 有前景 大平台 产品有实力,"人工智能服务,IT技术服务｜咨询",开发|测试|运维类,"绩效奖金,股票期权,专项奖金,年底双薪",移动前端开发,西安
301,北京米可世界科技有限公司,MICO,150-500人,A轮,朝阳区,资深iOS开发工程师 (MJ000169),3-5年,本科,30k-50k,快速发展 福利完善,社交平台,开发|测试|运维类,"股票期权,年度旅游,移动社交,五险一金",移动前端开发,北京
302,51JOB-上海汉狮智能科技有限公司,51JOB-上海汉狮智能科技有限公司,15-50人,不需要融资,浦东新区,iOS开发工程师,1-3年,大专,13k-20k,"五险一金,年终奖金",软件开发,开发|测试|运维类,,移动前端开发,上海
303,新浪网技术（中国）有限公司,新浪网,2000人以上,上市公司,海淀区,ios开发工程师,3-5年,本科,20k-35k,"环境好,健身房,图书馆","内容资讯,社交媒体",开发|测试|运维类,"免费班车,岗位晋升,五险一金,定期体检",移动前端开发,北京
304,上海寻梦信息技术有限公司,拼多多,2000人以上,上市公司,长宁区,ios开发工程师,不限,本科,30k-60k,包三餐、技术氛围好,电商平台,开发|测试|运维类,"股票期权,专项奖金,弹性工作,扁平管理",移动前端开发,上海
305,51JOB-本无网络科技有限公司,51JOB-本无网络科技有限公司,15-50人,不需要融资,沙坪坝区,iOS开发工程师,3-5年,本科,10k-15k,"五险,弹性工作,年终奖金",其他,开发|测试|运维类,,移动前端开发,重庆
306,深圳虾皮信息科技有限公司,Shopee,500-2000人,上市公司,南山区,iOS开发工程师,1-3年,本科,20k-40k,蓝海市场，外企氛围。,电商平台,开发|测试|运维类,"外企氛围,蓝海市场,大牛多多,15天年假",移动前端开发,深圳
307,北京东大正保科技有限公司,正保远程教育集团,2000人以上,上市公司,海淀区,中级IOS开发工程师,3-5年,本科,20k-30k,八险一金、北京工作居住证，绩效奖金、年终奖,在线教育,开发|测试|运维类,"节日礼物,十佳旅游,带薪年假,带薪病假",移动前端开发,北京
308,海口美亚卓越软件有限公司,美亚卓越软件,50-150人,未融资,美兰区,IOS/安卓开发,1-3年,大专,4k-8k,带薪年假、双休、生日和节日福利、拓展、年终奖,"IT技术服务｜咨询,软件服务｜咨询",开发|测试|运维类,,移动前端开发,海口
309,深圳鲲鹏天下科技有限公司,鲲天下,15-50人,不需要融资,南山区,ios中级开发工程师,3-5年,大专,9k-16k,餐费/通讯/交通补贴 年终奖 领导好 氛围好,社交平台,开发|测试|运维类,"年底双薪,带薪年假,交通补助,午餐补助",移动前端开发,深圳
310,支付宝（杭州）信息技术有限公司,蚂蚁集团,2000人以上,上市公司,朝阳区,安卓研发/IOS研发/终端安全专家,5-10年,本科,20k-40k,"发展空间大,成长快",科技金融,开发|测试|运维类,"年底双薪,带薪年假,股票期权,绩效奖金",高端技术职位,北京
311,北京太字流动科技有限公司,太字流动,50-150人,A轮,海淀区,ios高级开发（音视频方向）,3-5年,本科,25k-40k,快速成长,音频｜视频媒体,开发|测试|运维类,"股票期权,带薪年假,定期体检,交通补助",移动前端开发,北京
312,北京奇艺世纪科技有限公司,爱奇艺,2000人以上,上市公司,朝阳区,IOS资深开发工程师,3-5年,本科,15k-30k,领导好、有前景,音频｜视频媒体,开发|测试|运维类,"绩效奖金,五险一金,交通补助,带薪年假",移动前端开发,北京
313,北京字节跳动科技有限公司,字节跳动,2000人以上,D轮及以上,海淀区,Android/iOS开发工程师 — 教育产品,不限,本科,30k-50k,健身瑜伽，六险一金，团队氛围好，晋升空间大,"内容资讯,短视频",开发|测试|运维类,"扁平管理,弹性工作,就近租房补贴,六险一金",移动前端开发,北京
314,北京三快在线科技有限公司,美团,2000人以上,上市公司,朝阳区,资深ios开发工程师,3-5年,不限,25k-50k,核心业务、团队大牛多,消费生活,开发|测试|运维类,"技能培训,绩效奖金,岗位晋升,领导好",移动前端开发,北京
315,杭州橙子信息科技有限公司,橙子科技,50-150人,A轮,余杭区,资深IOS开发工程师,3-5年,本科,11k-20k,阿里系团队、丰厚的期权、五险一金,"电商平台,软件服务｜咨询",开发|测试|运维类,"千万级用户,阿里系团队,弹性工作,定期体检",移动前端开发,杭州
316,北京三快在线科技有限公司,美团,2000人以上,上市公司,朝阳区,美团配送高级iOS研发工程师,不限,不限,25k-40k,核心业务,消费生活,开发|测试|运维类,"技能培训,绩效奖金,岗位晋升,领导好",移动前端开发,北京
317,北京达佳互联信息技术有限公司,快手,2000人以上,上市公司,海淀区,（客户端专场）iOS开发工程师-【X6】,3-5年,本科,20k-40k,福利待遇好,短视频,开发|测试|运维类,"股票期权,弹性工作,定期体检,岗位晋升",移动前端开发,北京
318,51JOB-广州施来德电器零件有限公司,51JOB-Celestra Corporation,50-150人,不需要融资,海珠区,iOS开发工程师,3-5年,大专,15k-25k,"周末双休,五险一金,年终奖金",其他,开发|测试|运维类,,移动前端开发,广州
319,杭州涂鸦信息技术有限公司,涂鸦智能,2000人以上,C轮,南山区,iOS高级开发工程师 (KA业务方向),3-5年,本科,15k-25k,全球化智能平台,"物联网,智能硬件",开发|测试|运维类,"5星办公环境,年底奖金,团队牛B,五险一金",移动前端开发,深圳
320,杭州涂鸦信息技术有限公司,涂鸦智能,2000人以上,C轮,西湖区,iOS资深开发工程师—MJ000012,3-5年,本科,15k-30k,自由、开放、挑战大,"物联网,智能硬件",开发|测试|运维类,"5星办公环境,年底奖金,团队牛B,五险一金",移动前端开发,杭州
321,千言信息技术（上海）有限公司,italki,50-150人,A轮,黄浦区,高级iOS开发工程师G00019,5-10年,本科,20k-25k,国际化团队，福利丰厚，技术提升,在线教育,开发|测试|运维类,"高端医疗保险,国际化团队,绩效奖金,带薪年假",移动前端开发,上海
322,北京寻宝天行网络技术有限公司,寻宝天行,50-150人,不需要融资,昌平区,ios工程师,3-5年,本科,13k-26k,"福利待遇好,六险一金,发展好,背景强大","电商平台,游戏",开发|测试|运维类,"技能培训,节日礼物,绩效奖金,定期体检",移动前端开发,北京
323,我爱我家控股集团股份有限公司,我爱我家集团,2000人以上,上市公司,徐汇区,iOS开发工程师(J305206),3-5年,本科,10k-20k,绩效奖金，五险一金，带薪年假,房地产｜建筑｜物业,开发|测试|运维类,,移动前端开发,上海
324,我爱我家控股集团股份有限公司,我爱我家集团,2000人以上,上市公司,杨浦区,ios开发工程师(J326428),1-3年,本科,10k-15k,上市公司,房地产｜建筑｜物业,开发|测试|运维类,,移动前端开发,上海
325,上海尉合信息技术有限公司,尉合,50-150人,A轮,长宁区,高级IOS开发工程师（可远程工作）,3-5年,本科,18k-35k,业务新、成长快、业务前景,工具类产品,开发|测试|运维类,"年底双薪,股票期权,弹性工作,扁平管理",移动前端开发,上海
326,上海弘连网络科技有限公司,弘连网络,50-150人,未融资,闵行区,逆向工程师(IOS方向),1-3年,本科,11k-22k,五险一金 优秀团队 弹性工作 绩效奖励,数据服务｜咨询,开发|测试|运维类,"技能培训,绩效奖金,定期体检,五险一金",运维,上海
327,珠海必要工业科技股份有限公司,必要工业科技,150-500人,不需要融资,朝阳区,iOS技术经理,5-10年,本科,30k-50k,独角兽电商；盈利电商；无边界工作,电商平台,开发|测试|运维类,"商业医疗保险,带薪年假,扁平管理,下午茶",高端技术职位,北京
328,北京音娱时光科技有限公司,音娱时光,50-150人,B轮,海淀区,iOS高级开发工程师,5-10年,本科,28k-45k,985团队;技术大牛多;股票期权,MCN｜直播平台,开发|测试|运维类,"年底双薪,绩效奖金,带薪年假,免费健身",移动前端开发,北京
329,北京音娱时光科技有限公司,音娱时光,50-150人,B轮,海淀区,iOS开发工程师,3-5年,本科,20k-30k,985团队;技术大牛多;股票期权,MCN｜直播平台,开发|测试|运维类,"年底双薪,绩效奖金,带薪年假,免费健身",移动前端开发,北京
330,腾讯科技（深圳）有限公司,腾讯,2000人以上,上市公司,南山区,【国际业务部】iOS客户端开发工,3-5年,本科,15k-30k,福利待遇好,"游戏,社交媒体,音频｜视频媒体",开发|测试|运维类,"免费班车,成长空间,年度旅游,岗位晋升",移动前端开发,深圳
331,腾讯科技（深圳）有限公司,腾讯,2000人以上,上市公司,南山区,腾讯会议海外iOS开发工程师,3-5年,本科,20k-35k,"大厂福利,业务成长","游戏,社交媒体,音频｜视频媒体",开发|测试|运维类,"免费班车,成长空间,年度旅游,岗位晋升",移动前端开发,深圳
332,广州维梦科技有限公司,维梦科技,50-150人,不需要融资,西湖区,资深ios开发工程师,3-5年,本科,25k-40k,大牛团队 六险一金 okr管理 技术实力强,工具类产品,开发|测试|运维类,"年终分红,定期体检,股票期权,带薪年假",移动前端开发,杭州
333,珠海灏霆软件有限公司,灏霆软件,50-150人,未融资,香洲区,ios开发工程师,1-3年,不限,7k-13k,五险一金、双休、全勤奖、年底奖金,IT技术服务｜咨询,开发|测试|运维类,,移动前端开发,珠海
334,上海找钢网信息科技股份有限公司,找钢网,500-2000人,D轮及以上,杨浦区,ios开发工程师,5-10年,本科,20k-30k,交通便利 免费午餐 晋升快,电商平台,开发|测试|运维类,,移动前端开发,上海
335,四川伊澳农业科技有限公司,伊澳科技,2000人以上,上市公司,浦东新区,ios专家,5-10年,本科,30k-50k,"美女多,有期权,即将上市,大牛多",批发｜零售,开发|测试|运维类,"专项奖金,股票期权,绩效奖金,年终分红",移动前端开发,上海
336,上海找钢网信息科技股份有限公司,找钢网,500-2000人,D轮及以上,杨浦区,ios开发工程师,3-5年,本科,20k-40k,成长快 空间大 免费午餐 交通便利,电商平台,开发|测试|运维类,,移动前端开发,上海
337,瑞庭网络技术（上海）有限公司,安居客,500-2000人,上市公司,朝阳区,iOS资深开发工程师(J17253),5-10年,本科,20k-40k,知名公司，内部发展空间,居住服务,开发|测试|运维类,"年底双薪,绩效奖金,带薪年假,五险一金",移动前端开发,北京
338,瑞庭网络技术（上海）有限公司,安居客,500-2000人,上市公司,朝阳区,iOS视频研发工程师(J17265),5-10年,本科,20k-40k,知名公司，内部发展空间,居住服务,开发|测试|运维类,"年底双薪,绩效奖金,带薪年假,五险一金",移动前端开发,北京
339,北京新势界科技有限公司,新势界,15-50人,未融资,朝阳区,iOS工程师（AR方向）,3-5年,本科,18k-25k,五险一金，同事好，健身房，不加班，年底双薪,软件服务｜咨询,开发|测试|运维类,"年底双薪,领导好,五险一金,不加班",数据开发,北京
340,北京百家科技集团有限公司,跟谁学,2000人以上,上市公司,海淀区,IOS技术专家,5-10年,本科,40k-80k,上市公司、股票、七险一金,在线教育,开发|测试|运维类,"节日礼物,技能培训,股票期权,精英团队",移动前端开发,北京
341,汕尾市铁人信息技术有限公司,铁人信息,50-150人,不需要融资,南山区,ios工程师,3-5年,本科,15k-20k,丰厚奖金、晋升机制、五险一金、下午茶、年终奖,软件开发,开发|测试|运维类,,移动前端开发,深圳
342,汕尾市铁人信息技术有限公司,铁人信息,50-150人,不需要融资,南山区,ios开发工程师,3-5年,本科,15k-25k,丰厚奖金、晋升机制、五险一金、下午茶、年终奖,软件开发,开发|测试|运维类,,移动前端开发,深圳
343,上海思建网络科技有限公司,思建网络,50-150人,不需要融资,杨浦区,ios高级开发工程师,5-10年,本科,25k-35k,国际化发展路径，薪酬福利优厚,科技金融,开发|测试|运维类,"带薪年假,节日礼物,领导好,扁平管理",移动前端开发,上海
344,广州赞赏信息科技有限公司,赞赏,150-500人,A轮,天河区,音视频开发工程师（移动端）,5-10年,本科,25k-40k,14薪 午餐晚餐下午茶,"软件服务｜咨询,营销服务｜咨询,MCN｜直播平台",开发|测试|运维类,"午餐晚餐,双休,14薪,员工持股",后端开发,广州
345,易玩（上海）网络科技有限公司,TapTap,50-150人,B轮,闸北区,高级IOS开发工程师(J11923),3-5年,本科,25k-45k,福利好/待遇优/发展好,"内容社区,游戏",开发|测试|运维类,"年底双薪,绩效奖金,交通补助,带薪年假",移动前端开发,上海
346,山西证券股份有限公司,山西证券,2000人以上,上市公司,浦东新区,IOS研发工程师,3-5年,本科,15k-25k,以科技赋能证券,科技金融,开发|测试|运维类,,移动前端开发,上海
347,深圳大宇无限科技有限公司,大宇无限,50-150人,C轮,南山区,iOS 开发工程师,3-5年,本科,15k-30k,亿级用户 扁平管理 六险一金,"内容资讯,内容社区,社交媒体",开发|测试|运维类,"股票期权,带薪年假,弹性工作,扁平管理",移动前端开发,深圳
348,北京快看世界信息技术有限公司,快看漫画,500-2000人,D轮及以上,朝阳区,iOS工程师（中高级）,3-5年,本科,20k-40k,"双休,七险一金,免费晚餐,重点业务","影视｜动漫,内容社区",开发|测试|运维类,"股票期权,年度体检,七险一金,带薪假期",移动前端开发,北京
349,北京趣加科技有限公司,FunPlus 趣加游戏,500-2000人,B轮,朝阳区,资深ios开发工程师,5-10年,本科,30k-50k,六险一金，出海团队,"游戏,MCN｜直播平台",开发|测试|运维类,"绩效奖金,股票期权,专项奖金,五险一金",移动前端开发,北京
350,深圳三代人科技有限公司,三代人科技,150-500人,不需要融资,南山区,中级iOS开发工程师,3-5年,本科,14k-20k,技术团队氛围佳，千万级用户产品,在线医疗,开发|测试|运维类,"股票期权,绩效奖金,扁平管理,五险一金",移动前端开发,深圳
351,上海游雁网络科技有限公司广州分公司,游雁游戏,150-500人,不需要融资,天河区,iOS运营,不限,本科,5k-8k,五险一金 包餐 年底双薪 年终奖,游戏,运营|编辑|客服类,"年底双薪,带薪年假,定期体检,绩效奖金",运营,广州
352,广州市乐无边教育科技有限公司,高考直通车,50-150人,未融资,天河区,iOS开发工程师,1-3年,本科,9k-15k,公司前景好，团队氛围好，福利待遇好,内容资讯,开发|测试|运维类,"移动互联网,互联网教育,发展前景广阔,弹性工作",移动前端开发,广州
353,探探科技（北京）有限公司,探探,150-500人,D轮及以上,朝阳区,iOS高级开发工程师/技术专家,不限,本科,30k-60k,商保、免费三餐、年度高端体检、日常团建等,社交平台,开发|测试|运维类,"股票期权,带薪年假,岗位晋升,扁平管理",移动前端开发,北京
354,广州汇量信息科技有限公司,Mobvista,500-2000人,上市公司,天河区,高级客户端开发工程师（IOS)G101457,3-5年,本科,15k-30k,双休 弹性工作 免费四餐 健身房 地铁周边,"营销服务｜咨询,数据服务｜咨询",开发|测试|运维类,"优秀团队,节日礼物,股票期权,带薪年假",移动前端开发,广州
